qid,split
0,train
1,test
2,train
3,train
4,train
5,train
6,test
7,train
8,train
9,train
10,train
11,train
12,train
13,train
14,train
15,train
16,test
17,train
18,train
19,train
20,train
21,train
22,train
23,train
24,test
25,train
26,train
27,test
28,train
29,train
30,test
31,train
32,train
33,train
34,train
35,train
36,train
37,train
38,train
39,train
40,test
41,train
42,train
43,train
44,test
45,train
46,train
47,train
48,test
49,train
50,test
51,train
52,train
53,train
54,train
55,train
56,test
57,train
58,train
59,test
60,test
61,test
62,train
63,train
64,train
65,train
66,test
67,train
68,train
69,train
70,train
71,train
72,train
73,train
74,train
75,train
76,test
77,train
78,train
79,test
80,train
81,train
82,test
83,train
84,train
85,train
86,train
87,train
88,train
89,train
90,train
91,train
92,train
93,train
94,train
95,train
96,train
97,test
98,train
99,train
100,train
101,train
102,train
103,train
104,train
105,train
106,train
107,train
108,train
109,train
110,train
111,train
112,train
113,train
114,test
115,train
116,train
117,test
118,train
119,train
120,train
121,train
122,train
123,train
124,train
125,train
126,train
127,train
128,train
129,train
130,test
131,train
132,train
133,test
134,train
135,test
136,train
137,train
138,train
139,train
140,train
141,test
142,train
143,train
144,train
145,train
146,test
147,train
148,test
149,train
150,train
151,train
152,train
153,train
154,train
155,train
156,train
157,test
158,train
159,train
160,train
161,train
162,train
163,train
164,train
165,train
166,train
167,train
168,train
169,train
170,train
171,train
172,test
173,train
174,train
175,test
176,train
177,train
178,train
179,train
180,train
181,test
182,train
183,train
184,test
185,train
186,train
187,train
188,train
189,train
190,test
191,train
192,train
193,train
194,test
195,test
196,train
197,train
198,train
199,test
200,train
201,train
202,train
203,train
204,train
205,train
206,train
207,train
208,train
209,train
210,train
211,train
212,test
213,train
214,train
215,train
216,train
217,test
218,train
219,train
220,test
221,train
222,train
223,train
224,train
225,train
226,train
227,train
228,train
229,train
230,test
231,test
232,test
233,train
234,train
235,train
236,train
237,train
238,train
239,train
240,test
241,train
242,train
243,test
244,test
245,test
246,train
247,train
248,train
249,train
250,train
251,train
252,train
253,train
254,train
255,train
256,train
257,test
258,train
259,train
260,train
261,train
262,train
263,train
264,train
265,train
266,train
267,test
268,train
269,train
270,train
271,train
272,train
273,train
274,train
275,train
276,train
277,train
278,train
279,train
280,train
281,train
282,test
283,train
284,train
285,train
286,test
287,test
288,test
289,test
290,test
291,train
292,train
293,train
294,train
295,train
296,train
297,test
298,train
299,train
300,train
301,train
302,train
303,train
304,train
305,test
306,train
307,test
308,train
309,test
310,test
311,test
312,train
313,train
314,train
315,test
316,train
317,train
318,train
319,train
320,train
321,train
322,train
323,train
324,train
325,train
326,test
327,train
328,train
329,train
330,train
331,train
332,train
333,train
334,train
335,train
336,test
337,test
338,test
339,train
340,train
341,train
342,train
343,test
344,train
345,train
346,train
347,train
348,train
349,train
350,train
351,train
352,train
353,train
354,train
355,train
356,train
357,train
358,train
359,test
360,train
361,train
362,train
363,train
364,test
365,train
366,train
367,train
368,train
369,train
370,train
371,test
372,train
373,train
374,train
375,train
376,test
377,test
378,train
379,train
380,train
381,train
382,train
383,train
384,train
385,train
386,train
387,train
388,train
389,test
390,train
391,train
392,train
393,train
394,train
395,train
396,train
397,train
398,test
399,train
400,train
401,train
402,train
403,test
404,train
405,test
406,train
407,train
408,train
409,train
410,test
411,train
412,train
413,train
414,train
415,train
416,train
417,train
418,train
419,train
420,train
421,train
422,train
423,train
424,train
425,train
426,train
427,train
428,train
429,train
430,train
431,test
432,train
433,train
434,train
435,test
436,train
437,train
438,train
439,train
440,train
441,train
442,train
443,train
444,test
445,train
446,train
447,train
448,train
449,train
450,test
451,train
452,train
453,train
454,test
455,test
456,train
457,train
458,train
459,train
460,train
461,train
462,train
463,train
464,train
465,train
466,train
467,train
468,train
469,train
470,train
471,train
472,train
473,train
474,train
475,train
476,train
477,test
478,train
479,train
480,train
481,train
482,train
483,train
484,train
485,train
486,train
487,train
488,train
489,train
490,train
491,train
492,train
493,train
494,train
495,train
496,test
497,train
498,test
499,test
500,train
501,train
502,train
503,train
504,train
505,train
506,train
507,train
508,train
509,test
510,train
511,train
512,train
513,train
514,train
515,test
516,train
517,train
518,train
519,train
520,train
521,train
522,train
523,train
524,train
525,test
526,train
527,train
528,train
529,train
530,train
531,train
532,train
533,train
534,train
535,train
536,train
537,train
538,train
539,train
540,train
541,train
542,test
543,train
544,train
545,train
546,train
547,test
548,train
549,train
550,train
551,train
552,test
553,train
554,train
555,train
556,train
557,train
558,train
559,train
560,test
561,test
562,train
563,test
564,train
565,train
566,train
567,train
568,train
569,train
570,train
571,train
572,train
573,train
574,train
575,test
576,train
577,train
578,train
579,train
580,train
581,test
582,test
583,train
584,train
585,train
586,test
587,test
588,train
589,train
590,test
591,test
592,test
593,train
594,test
595,test
596,train
597,train
598,train
599,test
600,test
601,train
602,train
603,train
604,train
605,train
606,train
607,train
608,train
609,test
610,train
611,train
612,train
613,train
614,test
615,test
616,train
617,test
618,train
619,train
620,train
621,train
622,train
623,train
624,train
625,train
626,train
627,train
628,test
629,train
630,train
631,train
632,train
633,train
634,train
635,train
636,train
637,train
638,train
639,train
640,train
641,train
642,train
643,train
644,train
645,train
646,train
647,test
648,train
649,train
650,test
651,train
652,train
653,train
654,train
655,train
656,train
657,train
658,train
659,train
660,train
661,train
662,train
663,test
664,train
665,train
666,test
667,test
668,train
669,test
670,train
671,test
672,train
673,train
674,test
675,train
676,train
677,train
678,train
679,train
680,train
681,train
682,train
683,test
684,test
685,train
686,train
687,test
688,train
689,test
690,train
691,train
692,train
693,train
694,test
695,train
696,test
697,train
698,train
699,train
700,train
701,train
702,train
703,train
704,train
705,train
706,train
707,train
708,train
709,train
710,train
711,train
712,train
713,test
714,test
715,train
716,train
717,train
718,train
719,train
720,test
721,train
722,test
723,train
724,train
725,train
726,train
727,train
728,train
729,test
730,train
731,train
732,test
733,train
734,train
735,train
736,train
737,test
738,train
739,train
740,test
741,train
742,train
743,train
744,train
745,train
746,train
747,train
748,train
749,train
750,train
751,test
752,train
753,test
754,train
755,train
756,train
757,train
758,train
759,test
760,test
761,train
762,train
763,train
764,train
765,train
766,train
767,train
768,train
769,train
770,train
771,train
772,train
773,train
774,train
775,train
776,train
777,test
778,train
779,train
780,test
781,train
782,train
783,train
784,train
785,test
786,train
787,train
788,train
789,train
790,train
791,train
792,train
793,train
794,train
795,train
796,train
797,train
798,test
799,train
800,test
801,train
802,test
803,train
804,train
805,train
806,train
807,train
808,train
809,train
810,test
811,train
812,train
813,train
814,test
815,train
816,train
817,train
818,train
819,train
820,train
821,train
822,train
823,train
824,test
825,train
826,test
827,train
828,train
829,test
830,test
831,train
832,train
833,train
834,train
835,train
836,train
837,train
838,test
839,train
840,train
841,train
842,train
843,train
844,test
845,test
846,train
847,test
848,train
849,train
850,train
851,train
852,train
853,train
854,test
855,train
856,train
857,train
858,train
859,train
860,train
861,train
862,test
863,train
864,train
865,train
866,train
867,train
868,train
869,train
870,train
871,train
872,train
873,test
874,test
875,train
876,train
877,train
878,train
879,train
880,train
881,test
882,test
883,test
884,train
885,train
886,train
887,test
888,train
889,train
890,test
891,train
892,test
893,train
894,train
895,train
896,train
897,train
898,train
899,train
900,train
901,train
902,test
903,train
904,train
905,train
906,train
907,test
908,train
909,train
910,test
911,train
912,train
913,train
914,train
915,test
916,train
917,test
918,train
919,train
920,train
921,train
922,test
923,train
924,train
925,train
926,train
927,train
928,train
929,train
930,train
931,train
932,test
933,train
934,test
935,train
936,train
937,train
938,train
939,test
940,test
941,train
942,test
943,test
944,train
945,train
946,train
947,train
948,train
949,train
950,test
951,train
952,test
953,train
954,train
955,train
956,train
957,test
958,test
959,train
960,train
961,train
962,train
963,test
964,train
965,train
966,test
967,train
968,test
969,train
970,train
971,train
972,test
973,train
974,train
975,test
976,train
977,train
978,train
979,train
980,test
981,train
982,train
983,train
984,train
985,train
986,train
987,train
988,train
989,test
990,train
991,train
992,train
993,train
994,train
995,train
996,test
997,train
998,test
999,train
1000,test
1001,train
1002,train
1003,train
1004,train
1005,train
1006,train
1007,train
1008,train
1009,train
1010,train
1011,train
1012,train
1013,train
1014,train
1015,test
1016,train
1017,train
1018,train
1019,train
1020,train
1021,train
1022,train
1023,train
1024,test
1025,test
1026,train
1027,test
1028,train
1029,train
1030,test
1031,test
1032,train
1033,train
1034,train
1035,train
1036,train
1037,train
1038,test
1039,train
1040,train
1041,test
1042,train
1043,train
1044,train
1045,train
1046,train
1047,train
1048,train
1049,test
1050,train
1051,train
1052,train
1053,test
1054,train
1055,test
1056,train
1057,train
1058,train
1059,train
1060,train
1061,train
1062,train
1063,test
1064,train
1065,train
1066,train
1067,test
1068,train
1069,train
1070,train
1071,test
1072,train
1073,train
1074,train
1075,train
1076,train
1077,train
1078,train
1079,test
1080,train
1081,train
1082,train
1083,train
1084,train
1085,train
1086,train
1087,test
1088,train
1089,train
1090,train
1091,train
1092,train
1093,train
1094,train
1095,train
1096,test
1097,train
1098,train
1099,train
1100,test
1101,train
1102,train
1103,train
1104,train
1105,train
1106,train
1107,train
1108,train
1109,train
1110,test
1111,train
1112,train
1113,train
1114,test
1115,train
1116,train
1117,test
1118,train
1119,train
1120,train
1121,train
1122,train
1123,train
1124,test
1125,train
1126,test
1127,train
1128,train
1129,train
1130,train
1131,train
1132,train
1133,train
1134,test
1135,train
1136,train
1137,train
1138,train
1139,train
1140,test
1141,train
1142,train
1143,train
1144,train
1145,train
1146,train
1147,test
1148,train
1149,train
1150,train
1151,train
1152,train
1153,test
1154,train
1155,test
1156,train
1157,train
1158,train
1159,train
1160,train
1161,train
1162,train
1163,train
1164,test
1165,test
1166,train
1167,train
1168,train
1169,train
1170,train
1171,train
1172,train
1173,train
1174,train
1175,train
1176,train
1177,train
1178,train
1179,train
1180,test
1181,train
1182,train
1183,train
1184,train
1185,train
1186,train
1187,train
1188,train
1189,test
1190,train
1191,test
1192,test
1193,train
1194,train
1195,test
1196,train
1197,test
1198,train
1199,train
1200,test
1201,train
1202,test
1203,train
1204,train
1205,test
1206,train
1207,test
1208,train
1209,train
1210,train
1211,train
1212,train
1213,train
1214,train
1215,train
1216,train
1217,train
1218,train
1219,train
1220,train
1221,train
1222,test
1223,train
1224,test
1225,train
1226,test
1227,test
1228,train
1229,train
1230,train
1231,test
1232,train
1233,train
1234,train
1235,train
1236,train
1237,train
1238,test
1239,train
1240,train
1241,train
1242,train
1243,train
1244,train
1245,test
1246,train
1247,train
1248,train
1249,train
1250,train
1251,test
1252,train
1253,train
1254,train
1255,train
1256,test
1257,test
1258,train
1259,test
1260,train
1261,train
1262,train
1263,train
1264,train
1265,test
1266,test
1267,test
1268,train
1269,test
1270,test
1271,train
1272,train
1273,test
1274,train
1275,train
1276,train
1277,train
1278,train
1279,test
1280,train
1281,train
1282,train
1283,train
1284,train
1285,train
1286,train
1287,train
1288,train
1289,train
1290,train
1291,train
1292,train
1293,train
1294,train
1295,train
1296,test
1297,test
1298,test
1299,test
1300,train
1301,test
1302,train
1303,test
1304,train
1305,train
1306,train
1307,train
1308,train
1309,test
1310,train
1311,train
1312,train
1313,train
1314,train
1315,train
1316,train
1317,train
1318,train
1319,train
1320,train
1321,train
1322,train
1323,train
1324,train
1325,test
1326,train
1327,test
1328,train
1329,train
1330,train
1331,train
1332,train
1333,train
1334,train
1335,train
1336,train
1337,test
1338,train
1339,train
1340,train
1341,train
1342,test
1343,test
1344,train
1345,train
1346,train
1347,train
1348,train
1349,train
1350,train
1351,train
1352,test
1353,train
1354,train
1355,train
1356,train
1357,test
1358,test
1359,train
1360,train
1361,train
1362,train
1363,train
1364,train
1365,train
1366,test
1367,train
1368,train
1369,train
1370,train
1371,train
1372,train
1373,train
1374,test
1375,train
1376,train
1377,train
1378,train
1379,train
1380,train
1381,train
1382,train
1383,train
1384,test
1385,train
1386,train
1387,train
1388,train
1389,train
1390,train
1391,train
1392,test
1393,train
1394,train
1395,test
1396,train
1397,test
1398,train
1399,test
1400,train
1401,test
1402,train
1403,train
1404,test
1405,test
1406,train
1407,train
1408,train
1409,train
1410,train
1411,train
1412,train
1413,train
1414,train
1415,train
1416,train
1417,test
1418,test
1419,train
1420,train
1421,train
1422,train
1423,train
1424,train
1425,train
1426,train
1427,test
1428,test
1429,train
1430,train
1431,test
1432,train
1433,test
1434,train
1435,train
1436,test
1437,train
1438,train
1439,train
1440,train
1441,train
1442,train
1443,train
1444,train
1445,train
1446,train
1447,test
1448,test
1449,train
1450,train
1451,test
1452,train
1453,test
1454,train
1455,train
1456,train
1457,train
1458,train
1459,train
1460,train
1461,train
1462,train
1463,train
1464,train
1465,train
1466,train
1467,train
1468,test
1469,train
1470,train
1471,train
1472,train
1473,test
1474,train
1475,test
1476,train
1477,test
1478,test
1479,train
1480,train
1481,train
1482,test
1483,test
1484,train
1485,train
1486,train
1487,train
1488,test
1489,train
1490,train
1491,train
1492,test
1493,train
1494,train
1495,train
1496,train
1497,train
1498,train
1499,train
1500,train
1501,train
1502,train
1503,train
1504,train
1505,test
1506,train
1507,train
1508,train
1509,train
1510,train
1511,train
1512,train
1513,train
1514,test
1515,train
1516,train
1517,train
1518,train
1519,train
1520,train
1521,test
1522,test
1523,train
1524,train
1525,train
1526,train
1527,train
1528,train
1529,train
1530,test
1531,test
1532,train
1533,test
1534,train
1535,train
1536,train
1537,train
1538,train
1539,test
1540,test
1541,test
1542,train
1543,test
1544,train
1545,train
1546,train
1547,train
1548,test
1549,train
1550,train
1551,test
1552,train
1553,train
1554,train
1555,train
1556,train
1557,train
1558,test
1559,test
1560,train
1561,train
1562,train
1563,train
1564,train
1565,train
1566,test
1567,test
1568,train
1569,train
1570,train
1571,train
1572,train
1573,train
1574,train
1575,train
1576,train
1577,test
1578,train
1579,test
1580,train
1581,test
1582,train
1583,train
1584,train
1585,train
1586,train
1587,train
1588,train
1589,train
1590,train
1591,train
1592,train
1593,train
1594,train
1595,train
1596,train
1597,train
1598,train
1599,train
1600,train
1601,train
1602,train
1603,test
1604,train
1605,train
1606,train
1607,train
1608,train
1609,train
1610,train
1611,train
1612,train
1613,test
1614,train
1615,train
1616,train
1617,test
1618,train
1619,train
1620,test
1621,train
1622,train
1623,train
1624,train
1625,test
1626,train
1627,train
1628,train
1629,test
1630,train
1631,train
1632,test
1633,test
1634,train
1635,train
1636,train
1637,test
1638,train
1639,train
1640,train
1641,train
1642,test
1643,train
1644,test
1645,train
1646,test
1647,train
1648,train
1649,test
1650,test
1651,test
1652,train
1653,train
1654,train
1655,train
1656,train
1657,train
1658,test
1659,test
1660,train
1661,train
1662,test
1663,train
1664,train
1665,train
1666,test
1667,test
1668,train
1669,test
1670,train
1671,test
1672,test
1673,train
1674,test
1675,test
1676,train
1677,train
1678,train
1679,test
1680,train
1681,train
1682,train
1683,test
1684,test
1685,test
1686,train
1687,train
1688,train
1689,train
1690,train
1691,train
1692,train
1693,train
1694,train
1695,train
1696,test
1697,train
1698,train
1699,test
1700,train
1701,train
1702,test
1703,test
1704,train
1705,train
1706,train
1707,train
1708,train
1709,train
1710,train
1711,test
1712,train
1713,train
1714,test
1715,train
1716,train
1717,train
1718,train
1719,train
1720,test
1721,train
1722,train
1723,train
1724,train
1725,train
1726,train
1727,test
1728,train
1729,train
1730,test
1731,train
1732,train
1733,train
1734,train
1735,train
1736,test
1737,train
1738,train
1739,test
1740,train
1741,train
1742,test
1743,train
1744,test
1745,train
1746,train
1747,train
1748,test
1749,test
1750,test
1751,train
1752,train
1753,train
1754,train
1755,train
1756,train
1757,train
1758,train
1759,test
1760,train
1761,train
1762,train
1763,train
1764,train
1765,train
1766,train
1767,train
1768,train
1769,train
1770,train
1771,test
1772,train
1773,train
1774,train
1775,train
1776,train
1777,test
1778,train
1779,test
1780,train
1781,train
1782,train
1783,train
1784,train
1785,train
1786,train
1787,train
1788,train
1789,train
1790,train
1791,test
1792,train
1793,train
1794,test
1795,train
1796,train
1797,train
1798,train
1799,train
1800,train
1801,train
1802,train
1803,train
1804,train
1805,train
1806,train
1807,test
1808,train
1809,train
1810,train
1811,train
1812,train
1813,train
1814,train
1815,train
1816,test
1817,train
1818,train
1819,train
1820,train
1821,train
1822,train
1823,train
1824,train
1825,test
1826,train
1827,train
1828,train
1829,train
1830,train
1831,train
1832,train
1833,train
1834,train
1835,train
1836,train
1837,train
1838,train
1839,train
1840,train
1841,test
1842,train
1843,test
1844,train
1845,train
1846,train
1847,train
1848,test
1849,train
1850,test
1851,test
1852,train
1853,train
1854,test
1855,train
1856,train
1857,train
1858,train
1859,train
1860,train
1861,train
1862,test
1863,train
1864,train
1865,train
1866,train
1867,train
1868,train
1869,train
1870,test
1871,test
1872,train
1873,train
1874,test
1875,test
1876,train
1877,train
1878,train
1879,train
1880,train
1881,test
1882,train
1883,train
1884,train
1885,train
1886,test
1887,train
1888,train
1889,train
1890,train
1891,train
1892,test
1893,train
1894,train
1895,test
1896,test
1897,train
1898,train
1899,train
1900,train
1901,train
1902,train
1903,train
1904,train
1905,train
1906,train
1907,train
1908,train
1909,train
1910,train
1911,train
1912,train
1913,train
1914,train
1915,train
1916,train
1917,train
1918,train
1919,train
1920,train
1921,train
1922,train
1923,train
1924,train
1925,test
1926,train
1927,test
1928,train
1929,train
1930,train
1931,train
1932,train
1933,test
1934,train
1935,test
1936,train
1937,test
1938,train
1939,train
1940,train
1941,train
1942,train
1943,train
1944,train
1945,train
1946,test
1947,train
1948,train
1949,train
1950,test
1951,test
1952,train
1953,train
1954,train
1955,train
1956,test
1957,train
1958,test
1959,train
1960,test
1961,train
1962,train
1963,train
1964,train
1965,train
1966,train
1967,train
1968,train
1969,train
1970,test
1971,test
1972,train
1973,train
1974,train
1975,train
1976,train
1977,train
1978,train
1979,train
1980,train
1981,train
1982,test
1983,train
1984,train
1985,train
1986,test
1987,train
1988,test
1989,train
1990,train
1991,train
1992,train
1993,train
1994,train
1995,train
1996,train
1997,train
1998,train
1999,train
2000,test
2001,train
2002,train
2003,train
2004,train
2005,train
2006,train
2007,train
2008,train
2009,train
2010,train
2011,train
2012,train
2013,train
2014,test
2015,test
2016,train
2017,train
2018,train
2019,train
2020,train
2021,train
2022,train
2023,test
2024,train
2025,test
2026,train
2027,test
2028,train
2029,train
2030,train
2031,train
2032,train
2033,train
2034,train
2035,train
2036,train
2037,train
2038,train
2039,train
2040,train
2041,train
2042,train
2043,train
2044,train
2045,test
2046,train
2047,train
2048,train
2049,train
2050,train
2051,train
2052,test
2053,train
2054,train
2055,train
2056,train
2057,train
2058,train
2059,test
2060,train
2061,test
2062,train
2063,test
2064,train
2065,train
2066,train
2067,test
2068,train
2069,train
2070,test
2071,train
2072,train
2073,train
2074,train
2075,train
2076,train
2077,train
2078,train
2079,train
2080,train
2081,train
2082,train
2083,train
2084,test
2085,train
2086,train
2087,train
2088,train
2089,train
2090,train
2091,train
2092,train
2093,train
2094,train
2095,train
2096,train
2097,train
2098,train
2099,train
2100,test
2101,train
2102,train
2103,train
2104,train
2105,train
2106,train
2107,train
2108,train
2109,train
2110,test
2111,test
2112,train
2113,train
2114,train
2115,train
2116,train
2117,test
2118,train
2119,test
2120,train
2121,train
2122,train
2123,train
2124,train
2125,train
2126,train
2127,train
2128,train
2129,test
2130,train
2131,train
2132,test
2133,train
2134,train
2135,train
2136,test
2137,train
2138,train
2139,train
2140,train
2141,train
2142,train
2143,test
2144,train
2145,train
2146,train
2147,test
2148,train
2149,train
2150,train
2151,train
2152,train
2153,train
2154,train
2155,train
2156,train
2157,train
2158,train
2159,train
2160,train
2161,train
2162,train
2163,train
2164,test
2165,train
2166,train
2167,train
2168,test
2169,train
2170,test
2171,test
2172,train
2173,test
2174,train
2175,train
2176,train
2177,train
2178,train
2179,train
2180,train
2181,train
2182,train
2183,test
2184,test
2185,train
2186,test
2187,train
2188,train
2189,test
2190,train
2191,train
2192,test
2193,train
2194,train
2195,test
2196,train
2197,train
2198,train
2199,test
2200,train
2201,test
2202,train
2203,train
2204,train
2205,train
2206,train
2207,train
2208,test
2209,test
2210,train
2211,train
2212,train
2213,train
2214,train
2215,train
2216,train
2217,train
2218,train
2219,train
2220,train
2221,train
2222,train
2223,train
2224,test
2225,train
2226,train
2227,train
2228,train
2229,train
2230,train
2231,train
2232,train
2233,train
2234,test
2235,train
2236,train
2237,test
2238,test
2239,train
2240,train
2241,train
2242,train
2243,test
2244,train
2245,train
2246,train
2247,train
2248,train
2249,train
2250,train
2251,test
2252,train
2253,train
2254,train
2255,train
2256,test
2257,train
2258,train
2259,train
2260,train
2261,test
2262,train
2263,train
2264,train
2265,train
2266,train
2267,test
2268,train
2269,train
2270,train
2271,train
2272,test
2273,train
2274,train
2275,test
2276,train
2277,test
2278,test
2279,train
2280,train
2281,train
2282,train
2283,train
2284,train
2285,train
2286,train
2287,train
2288,test
2289,train
2290,train
2291,train
2292,train
2293,train
2294,train
2295,train
2296,train
2297,train
2298,train
2299,train
2300,train
2301,train
2302,train
2303,train
2304,train
2305,train
2306,train
2307,train
2308,train
2309,train
2310,train
2311,train
2312,train
2313,train
2314,train
2315,train
2316,test
2317,train
2318,train
2319,train
2320,train
2321,train
2322,train
2323,train
2324,test
2325,train
2326,test
2327,train
2328,train
2329,train
2330,train
2331,test
2332,test
2333,test
2334,train
2335,train
2336,train
2337,train
2338,train
2339,train
2340,test
2341,train
2342,train
2343,train
2344,train
2345,train
2346,test
2347,test
2348,train
2349,test
2350,test
2351,train
2352,test
2353,train
2354,train
2355,train
2356,train
2357,train
2358,train
2359,train
2360,train
2361,train
2362,train
2363,test
2364,train
2365,train
2366,test
2367,train
2368,train
2369,train
2370,train
2371,test
2372,train
2373,train
2374,test
2375,train
2376,train
2377,test
2378,train
2379,test
2380,train
2381,train
2382,train
2383,train
2384,test
2385,train
2386,train
2387,train
2388,train
2389,train
2390,train
2391,train
2392,train
2393,train
2394,train
2395,train
2396,train
2397,train
2398,test
2399,train
2400,train
2401,test
2402,test
2403,train
2404,test
2405,train
2406,test
2407,test
2408,train
2409,test
2410,train
2411,test
2412,test
2413,test
2414,train
2415,test
2416,train
2417,train
2418,train
2419,train
2420,train
2421,train
2422,train
2423,test
2424,train
2425,train
2426,train
2427,test
2428,train
2429,train
2430,test
2431,test
2432,train
2433,train
2434,train
2435,train
2436,test
2437,train
2438,train
2439,train
2440,train
2441,train
2442,train
2443,test
2444,test
2445,train
2446,train
2447,test
2448,train
2449,train
2450,train
2451,train
2452,train
2453,train
2454,train
2455,train
2456,train
2457,train
2458,train
2459,test
2460,test
2461,train
2462,train
2463,train
2464,train
2465,train
2466,train
2467,train
2468,train
2469,train
2470,train
2471,train
2472,test
2473,train
2474,test
2475,train
2476,train
2477,train
2478,train
2479,train
2480,train
2481,train
2482,test
2483,train
2484,train
2485,train
2486,test
2487,train
2488,train
2489,test
2490,test
2491,train
2492,train
2493,train
2494,train
2495,train
2496,train
2497,train
2498,train
2499,train
2500,train
2501,train
2502,train
2503,train
2504,train
2505,train
2506,test
2507,train
2508,test
2509,train
2510,train
2511,test
2512,train
2513,train
2514,train
2515,train
2516,test
2517,train
2518,train
2519,train
2520,train
2521,test
2522,test
2523,train
2524,test
2525,train
2526,train
2527,train
2528,test
2529,train
2530,train
2531,train
2532,train
2533,train
2534,train
2535,train
2536,train
2537,test
2538,train
2539,train
2540,train
2541,train
2542,train
2543,test
2544,train
2545,train
2546,train
2547,train
2548,train
2549,train
2550,train
2551,train
2552,train
2553,train
2554,test
2555,test
2556,train
2557,train
2558,test
2559,train
2560,test
2561,train
2562,train
2563,train
2564,train
2565,train
2566,train
2567,train
2568,train
2569,train
2570,train
2571,test
2572,train
2573,test
2574,test
2575,train
2576,train
2577,train
2578,test
2579,train
2580,train
2581,train
2582,test
2583,train
2584,train
2585,train
2586,train
2587,train
2588,train
2589,test
2590,train
2591,train
2592,test
2593,train
2594,train
2595,train
2596,train
2597,test
2598,train
2599,train
2600,train
2601,train
2602,train
2603,test
2604,train
2605,train
2606,train
2607,train
2608,train
2609,train
2610,test
2611,train
2612,train
2613,train
2614,train
2615,train
2616,test
2617,train
2618,test
2619,train
2620,test
2621,train
2622,train
2623,train
2624,train
2625,train
2626,train
2627,test
2628,train
2629,train
2630,test
2631,train
2632,train
2633,train
2634,train
2635,train
2636,train
2637,train
2638,train
2639,train
2640,train
2641,train
2642,train
2643,train
2644,train
2645,train
2646,train
2647,train
2648,train
2649,train
2650,test
2651,train
2652,test
2653,train
2654,train
2655,train
2656,train
2657,train
2658,train
2659,train
2660,train
2661,train
2662,train
2663,train
2664,train
2665,train
2666,train
2667,train
2668,test
2669,test
2670,train
2671,train
2672,test
2673,test
2674,train
2675,train
2676,train
2677,train
2678,train
2679,train
2680,train
2681,train
2682,test
2683,train
2684,train
2685,train
2686,test
2687,test
2688,train
2689,train
2690,test
2691,train
2692,test
2693,train
2694,train
2695,train
2696,train
2697,train
2698,train
2699,train
2700,train
2701,train
2702,train
2703,train
2704,train
2705,train
2706,train
2707,train
2708,train
2709,train
2710,test
2711,train
2712,train
2713,test
2714,train
2715,train
2716,train
2717,train
2718,train
2719,train
2720,test
2721,test
2722,train
2723,train
2724,train
2725,test
2726,train
2727,train
2728,test
2729,train
2730,train
2731,train
2732,train
2733,test
2734,train
2735,train
2736,train
2737,test
2738,train
2739,train
2740,train
2741,test
2742,train
2743,train
2744,train
2745,test
2746,train
2747,test
2748,train
2749,train
2750,train
2751,train
2752,train
2753,train
2754,train
2755,train
2756,train
2757,train
2758,train
2759,train
2760,train
2761,train
2762,test
2763,test
2764,train
2765,train
2766,train
2767,test
2768,train
2769,train
2770,train
2771,test
2772,train
2773,train
2774,train
2775,train
2776,train
2777,train
2778,train
2779,test
2780,train
2781,test
2782,test
2783,train
2784,train
2785,train
2786,train
2787,train
2788,train
2789,train
2790,train
2791,train
2792,train
2793,train
2794,train
2795,train
2796,train
2797,train
2798,train
2799,train
2800,train
2801,train
2802,train
2803,train
2804,train
2805,train
2806,train
2807,train
2808,train
2809,train
2810,train
2811,train
2812,train
2813,train
2814,train
2815,train
2816,test
2817,train
2818,train
2819,test
2820,test
2821,train
2822,train
2823,train
2824,train
2825,train
2826,test
2827,train
2828,test
2829,train
2830,train
2831,train
2832,train
2833,train
2834,train
2835,train
2836,test
2837,test
2838,train
2839,train
2840,train
2841,train
2842,test
2843,train
2844,train
2845,train
2846,train
2847,train
2848,train
2849,test
2850,test
2851,test
2852,train
2853,train
2854,train
2855,train
2856,train
2857,train
2858,test
2859,train
2860,train
2861,train
2862,train
2863,train
2864,train
2865,train
2866,test
2867,train
2868,train
2869,train
2870,train
2871,test
2872,train
2873,test
2874,train
2875,train
2876,train
2877,test
2878,train
2879,train
2880,train
2881,train
2882,train
2883,train
2884,test
2885,train
2886,train
2887,train
2888,train
2889,train
2890,train
2891,test
2892,train
2893,train
2894,train
2895,train
2896,train
2897,train
2898,train
2899,train
2900,train
2901,train
2902,train
2903,train
2904,train
2905,train
2906,train
2907,train
2908,train
2909,test
2910,train
2911,test
2912,train
2913,train
2914,train
2915,train
2916,train
2917,train
2918,test
2919,train
2920,train
2921,train
2922,train
2923,train
2924,test
2925,train
2926,train
2927,train
2928,test
2929,train
2930,test
2931,train
2932,train
2933,train
2934,test
2935,train
2936,train
2937,train
2938,test
2939,train
2940,train
2941,train
2942,train
2943,test
2944,train
2945,train
2946,train
2947,train
2948,test
2949,train
2950,train
2951,test
2952,train
2953,train
2954,train
2955,train
2956,train
2957,train
2958,train
2959,train
2960,test
2961,train
2962,train
2963,train
2964,train
2965,train
2966,train
2967,train
2968,train
2969,test
2970,test
2971,train
2972,train
2973,train
2974,train
2975,test
2976,train
2977,train
2978,train
2979,test
2980,train
2981,train
2982,test
2983,train
2984,train
2985,train
2986,train
2987,train
2988,train
2989,test
2990,train
2991,test
2992,train
2993,train
2994,train
2995,train
2996,train
2997,train
2998,test
2999,test
3000,test
3001,train
3002,train
3003,train
3004,train
3005,test
3006,train
3007,train
3008,test
3009,train
3010,train
3011,train
3012,train
3013,train
3014,train
3015,test
3016,test
3017,train
3018,train
3019,train
3020,train
3021,train
3022,train
3023,train
3024,train
3025,train
3026,train
3027,train
3028,train
3029,train
3030,test
3031,train
3032,train
3033,train
3034,test
3035,train
3036,train
3037,train
3038,train
3039,train
3040,test
3041,train
3042,train
3043,train
3044,train
3045,train
3046,train
3047,train
3048,train
3049,train
3050,train
3051,train
3052,train
3053,train
3054,train
3055,train
3056,train
3057,train
3058,train
3059,train
3060,train
3061,train
3062,train
3063,train
3064,train
3065,train
3066,train
3067,train
3068,train
3069,train
3070,test
3071,train
3072,train
3073,train
3074,train
3075,train
3076,train
3077,train
3078,train
3079,train
3080,train
3081,train
3082,train
3083,train
3084,test
3085,train
3086,test
3087,train
3088,train
3089,train
3090,test
3091,test
3092,train
3093,test
3094,train
3095,train
3096,train
3097,train
3098,test
3099,train
3100,train
3101,train
3102,train
3103,train
3104,train
3105,train
3106,train
3107,train
3108,test
3109,train
3110,train
3111,train
3112,train
3113,train
3114,test
3115,train
3116,train
3117,train
3118,train
3119,train
3120,train
3121,train
3122,train
3123,train
3124,train
3125,train
3126,train
3127,train
3128,train
3129,train
3130,train
3131,train
3132,train
3133,train
3134,train
3135,train
3136,train
3137,train
3138,train
3139,train
3140,train
3141,train
3142,test
3143,train
3144,train
3145,train
3146,train
3147,test
3148,train
3149,train
3150,train
3151,train
3152,train
3153,train
3154,train
3155,train
3156,train
3157,test
3158,train
3159,train
3160,train
3161,train
3162,train
3163,train
3164,test
3165,test
3166,test
3167,test
3168,train
3169,train
3170,train
3171,train
3172,test
3173,train
3174,train
3175,test
3176,train
3177,train
3178,train
3179,train
3180,train
3181,train
3182,test
3183,train
3184,train
3185,train
3186,train
3187,test
3188,train
3189,train
3190,train
3191,train
3192,train
3193,test
3194,train
3195,train
3196,train
3197,train
3198,test
3199,train
3200,train
3201,train
3202,train
3203,train
3204,train
3205,train
3206,train
3207,train
3208,train
3209,train
3210,test
3211,train
3212,test
3213,train
3214,test
3215,train
3216,train
3217,train
3218,test
3219,train
3220,train
3221,train
3222,train
3223,train
3224,train
3225,train
3226,train
3227,train
3228,train
3229,train
3230,train
3231,train
3232,train
3233,train
3234,train
3235,train
3236,train
3237,test
3238,train
3239,test
3240,train
3241,train
3242,train
3243,train
3244,train
3245,train
3246,train
3247,train
3248,train
3249,train
3250,train
3251,test
3252,test
3253,train
3254,test
3255,train
3256,train
3257,train
3258,train
3259,train
3260,train
3261,train
3262,train
3263,train
3264,test
3265,test
3266,train
3267,train
3268,train
3269,train
3270,train
3271,train
3272,train
3273,train
3274,train
3275,train
3276,train
3277,train
3278,train
3279,train
3280,train
3281,train
3282,train
3283,train
3284,test
3285,train
3286,train
3287,train
3288,train
3289,train
3290,train
3291,train
3292,test
3293,test
3294,test
3295,train
3296,train
3297,test
3298,train
3299,test
3300,train
3301,train
3302,train
3303,train
3304,train
3305,train
3306,test
3307,train
3308,train
3309,train
3310,train
3311,train
3312,train
3313,test
3314,train
3315,train
3316,train
3317,train
3318,train
3319,train
3320,train
3321,train
3322,train
3323,train
3324,test
3325,test
3326,train
3327,train
3328,test
3329,train
3330,train
3331,train
3332,train
3333,test
3334,train
3335,train
3336,train
3337,train
3338,train
3339,test
3340,train
3341,train
3342,train
3343,train
3344,train
3345,train
3346,train
3347,test
3348,train
3349,train
3350,train
3351,train
3352,train
3353,train
3354,train
3355,train
3356,train
3357,test
3358,train
3359,train
3360,test
3361,train
3362,train
3363,train
3364,train
3365,train
3366,train
3367,train
3368,train
3369,train
3370,train
3371,train
3372,train
3373,test
3374,train
3375,train
3376,test
3377,train
3378,train
3379,train
3380,test
3381,train
3382,test
3383,train
3384,test
3385,train
3386,train
3387,train
3388,train
3389,train
3390,train
3391,test
3392,train
3393,train
3394,train
3395,train
3396,train
3397,train
3398,train
3399,train
3400,train
3401,train
3402,train
3403,train
3404,train
3405,train
3406,train
3407,train
3408,test
3409,test
3410,train
3411,test
3412,train
3413,train
3414,test
3415,train
3416,test
3417,train
3418,train
3419,test
3420,train
3421,train
3422,train
3423,train
3424,train
3425,train
3426,train
3427,test
3428,train
3429,train
3430,train
3431,train
3432,train
3433,train
3434,train
3435,train
3436,train
3437,train
3438,train
3439,train
3440,train
3441,train
3442,test
3443,train
3444,train
3445,train
3446,train
3447,train
3448,train
3449,test
3450,train
3451,train
3452,train
3453,train
3454,train
3455,train
3456,train
3457,train
3458,train
3459,train
3460,train
3461,train
3462,test
3463,train
3464,train
3465,train
3466,train
3467,test
3468,test
3469,test
3470,test
3471,train
3472,train
3473,test
3474,train
3475,train
3476,train
3477,train
3478,train
3479,train
3480,test
3481,test
3482,train
3483,train
3484,train
3485,test
3486,test
3487,train
3488,train
3489,train
3490,train
3491,train
3492,test
3493,test
3494,train
3495,train
3496,train
3497,train
3498,train
3499,train
3500,train
3501,train
3502,train
3503,train
3504,train
3505,train
3506,train
3507,train
3508,train
3509,train
3510,train
3511,train
3512,train
3513,train
3514,train
3515,train
3516,train
3517,train
3518,train
3519,train
3520,train
3521,train
3522,test
3523,train
3524,train
3525,train
3526,train
3527,train
3528,test
3529,train
3530,train
3531,train
3532,train
3533,train
3534,train
3535,train
3536,test
3537,train
3538,train
3539,train
3540,test
3541,train
3542,test
3543,test
3544,train
3545,train
3546,train
3547,train
3548,train
3549,train
3550,train
3551,train
3552,train
3553,train
3554,test
3555,train
3556,test
3557,test
3558,train
3559,train
3560,train
3561,train
3562,train
3563,train
3564,train
3565,train
3566,train
3567,test
3568,test
3569,train
3570,train
3571,train
3572,train
3573,train
3574,train
3575,train
3576,train
3577,train
3578,test
3579,train
3580,test
3581,test
3582,train
3583,test
3584,test
3585,train
3586,train
3587,train
3588,train
3589,train
3590,train
3591,train
3592,train
3593,test
3594,train
3595,train
3596,train
3597,train
3598,test
3599,train
3600,test
3601,test
3602,train
3603,train
3604,train
3605,train
3606,train
3607,train
3608,train
3609,test
3610,train
3611,test
3612,train
3613,train
3614,train
3615,train
3616,train
3617,train
3618,train
3619,train
3620,train
3621,train
3622,train
3623,train
3624,train
3625,train
3626,test
3627,test
3628,test
3629,test
3630,train
3631,test
3632,train
3633,train
3634,train
3635,train
3636,train
3637,train
3638,test
3639,train
3640,train
3641,train
3642,train
3643,train
3644,test
3645,test
3646,train
3647,train
3648,test
3649,train
3650,train
3651,train
3652,train
3653,train
3654,train
3655,train
3656,train
3657,train
3658,train
3659,train
3660,train
3661,train
3662,train
3663,train
3664,train
3665,train
3666,train
3667,train
3668,test
3669,train
3670,train
3671,train
3672,train
3673,train
3674,train
3675,train
3676,train
3677,train
3678,train
3679,train
3680,train
3681,train
3682,test
3683,train
3684,train
3685,train
3686,train
3687,test
3688,train
3689,train
3690,train
3691,train
3692,train
3693,train
3694,test
3695,train
3696,test
3697,test
3698,train
3699,train
3700,train
3701,train
3702,train
3703,train
3704,train
3705,train
3706,test
3707,train
3708,train
3709,test
3710,test
3711,train
3712,train
3713,test
3714,test
3715,train
3716,train
3717,train
3718,train
3719,train
3720,train
3721,train
3722,train
3723,train
3724,test
3725,test
3726,train
3727,train
3728,train
3729,train
3730,train
3731,train
3732,train
3733,train
3734,train
3735,train
3736,train
3737,test
3738,train
3739,train
3740,train
3741,test
3742,train
3743,test
3744,train
3745,train
3746,train
3747,train
3748,train
3749,train
3750,train
3751,train
3752,train
3753,train
3754,train
3755,train
3756,test
3757,train
3758,test
3759,train
3760,train
3761,test
3762,train
3763,train
3764,train
3765,train
3766,train
3767,test
3768,test
3769,train
3770,train
3771,train
3772,train
3773,train
3774,train
3775,train
3776,train
3777,test
3778,train
3779,train
3780,train
3781,train
3782,train
3783,train
3784,train
3785,train
3786,test
3787,test
3788,train
3789,train
3790,train
3791,train
3792,test
3793,test
3794,train
3795,test
3796,train
3797,train
3798,train
3799,train
3800,train
3801,train
3802,train
3803,train
3804,train
3805,train
3806,train
3807,test
3808,test
3809,train
3810,test
3811,test
3812,train
3813,train
3814,test
3815,train
3816,test
3817,train
3818,train
3819,train
3820,train
3821,train
3822,train
3823,test
3824,train
3825,test
3826,train
3827,train
3828,test
3829,test
3830,train
3831,train
3832,train
3833,train
3834,test
3835,train
3836,train
3837,train
3838,train
3839,train
3840,train
3841,train
3842,train
3843,test
3844,train
3845,test
3846,train
3847,train
3848,train
3849,train
3850,train
3851,train
3852,train
3853,train
3854,train
3855,train
3856,train
3857,train
3858,train
3859,train
3860,test
3861,train
3862,test
3863,train
3864,test
3865,test
3866,test
3867,test
3868,train
3869,test
3870,test
3871,test
3872,train
3873,test
3874,train
3875,train
3876,test
3877,train
3878,train
3879,train
3880,test
3881,train
3882,train
3883,train
3884,test
3885,train
3886,train
3887,train
3888,train
3889,train
3890,train
3891,train
3892,train
3893,train
3894,train
3895,train
3896,train
3897,train
3898,train
3899,train
3900,train
3901,train
3902,train
3903,train
3904,train
3905,train
3906,train
3907,train
3908,train
3909,test
3910,train
3911,train
3912,train
3913,train
3914,train
3915,train
3916,test
3917,test
3918,train
3919,train
3920,test
3921,train
3922,train
3923,train
3924,train
3925,test
3926,train
3927,train
3928,train
3929,test
3930,train
3931,train
3932,train
3933,test
3934,train
3935,train
3936,train
3937,train
3938,train
3939,test
3940,test
3941,train
3942,train
3943,test
3944,train
3945,train
3946,train
3947,train
3948,train
3949,train
3950,train
3951,train
3952,test
3953,train
3954,train
3955,test
3956,test
3957,train
3958,test
3959,train
3960,train
3961,test
3962,test
3963,train
3964,test
3965,train
3966,train
3967,train
3968,train
3969,train
3970,train
3971,train
3972,test
3973,train
3974,train
3975,train
3976,train
3977,train
3978,train
3979,train
3980,test
3981,train
3982,train
3983,train
3984,train
3985,train
3986,train
3987,train
3988,test
3989,test
3990,train
3991,train
3992,test
3993,train
3994,train
3995,test
3996,train
3997,train
3998,test
3999,train
4000,train
4001,train
4002,train
4003,test
4004,train
4005,train
4006,train
4007,train
4008,test
4009,test
4010,train
4011,test
4012,train
4013,train
4014,train
4015,train
4016,train
4017,test
4018,train
4019,train
4020,train
4021,train
4022,train
4023,train
4024,train
4025,train
4026,train
4027,train
4028,train
4029,train
4030,train
4031,train
4032,train
4033,test
4034,train
4035,train
4036,train
4037,train
4038,test
4039,train
4040,test
4041,test
4042,train
4043,train
4044,train
4045,train
4046,train
4047,test
4048,train
4049,train
4050,test
4051,train
4052,train
4053,train
4054,train
4055,train
4056,train
4057,train
4058,train
4059,train
4060,train
4061,test
4062,train
4063,train
4064,train
4065,train
4066,train
4067,train
4068,train
4069,train
4070,test
4071,train
4072,train
4073,train
4074,train
4075,train
4076,train
4077,train
4078,train
4079,train
4080,train
4081,test
4082,train
4083,train
4084,train
4085,train
4086,test
4087,train
4088,train
4089,train
4090,train
4091,train
4092,test
4093,train
4094,train
4095,test
4096,test
4097,test
4098,train
4099,train
4100,train
4101,train
4102,train
4103,test
4104,train
4105,train
4106,train
4107,test
4108,train
4109,train
4110,test
4111,train
4112,train
4113,train
4114,train
4115,train
4116,train
4117,test
4118,train
4119,train
4120,train
4121,train
4122,test
4123,train
4124,train
4125,train
4126,test
4127,train
4128,train
4129,train
4130,train
4131,train
4132,test
4133,train
4134,train
4135,train
4136,train
4137,train
4138,train
4139,train
4140,test
4141,test
4142,train
4143,train
4144,train
4145,train
4146,test
4147,test
4148,test
4149,train
4150,train
4151,train
4152,train
4153,train
4154,test
4155,test
4156,train
4157,train
4158,train
4159,train
4160,train
4161,train
4162,train
4163,train
4164,test
4165,train
4166,train
4167,train
4168,test
4169,test
4170,test
4171,train
4172,train
4173,train
4174,train
4175,train
4176,train
4177,test
4178,train
4179,train
4180,train
4181,train
4182,train
4183,train
4184,train
4185,train
4186,test
4187,train
4188,train
4189,train
4190,train
4191,test
4192,train
4193,train
4194,test
4195,test
4196,test
4197,train
4198,train
4199,train
4200,train
4201,train
4202,test
4203,test
4204,train
4205,train
4206,train
4207,train
4208,train
4209,train
4210,train
4211,train
4212,train
4213,train
4214,test
4215,train
4216,test
4217,test
4218,train
4219,train
4220,train
4221,train
4222,test
4223,train
4224,train
4225,train
4226,train
4227,test
4228,test
4229,test
4230,train
4231,test
4232,train
4233,train
4234,train
4235,train
4236,test
4237,train
4238,train
4239,train
4240,train
4241,test
4242,train
4243,test
4244,train
4245,train
4246,train
4247,test
4248,train
4249,train
4250,train
4251,train
4252,train
4253,train
4254,train
4255,train
4256,train
4257,train
4258,train
4259,train
4260,test
4261,train
4262,train
4263,train
4264,train
4265,train
4266,train
4267,train
4268,train
4269,train
4270,train
4271,train
4272,test
4273,train
4274,train
4275,train
4276,train
4277,train
4278,test
4279,train
4280,train
4281,train
4282,train
4283,train
4284,train
4285,test
4286,train
4287,test
4288,train
4289,train
4290,train
4291,train
4292,train
4293,train
4294,train
4295,train
4296,train
4297,train
4298,train
4299,test
4300,train
4301,train
4302,train
4303,train
4304,test
4305,train
4306,test
4307,train
4308,train
4309,test
4310,train
4311,train
4312,train
4313,train
4314,test
4315,train
4316,test
4317,test
4318,train
4319,train
4320,test
4321,train
4322,test
4323,train
4324,train
4325,train
4326,train
4327,train
4328,train
4329,train
4330,train
4331,test
4332,train
4333,train
4334,train
4335,train
4336,train
4337,train
4338,train
4339,train
4340,test
4341,train
4342,train
4343,train
4344,train
4345,test
4346,train
4347,test
4348,train
4349,train
4350,train
4351,train
4352,train
4353,test
4354,train
4355,train
4356,test
4357,train
4358,train
4359,train
4360,train
4361,train
4362,test
4363,train
4364,train
4365,train
4366,train
4367,train
4368,test
4369,test
4370,train
4371,test
4372,train
4373,train
4374,train
4375,test
4376,test
4377,train
4378,train
4379,train
4380,train
4381,train
4382,train
4383,test
4384,test
4385,train
4386,train
4387,train
4388,test
4389,train
4390,train
4391,train
4392,test
4393,train
4394,train
4395,train
4396,train
4397,train
4398,train
4399,train
4400,train
4401,train
4402,train
4403,train
4404,test
4405,train
4406,train
4407,train
4408,train
4409,train
4410,test
4411,train
4412,test
4413,test
4414,train
4415,train
4416,train
4417,test
4418,train
4419,test
4420,train
4421,test
4422,train
4423,train
4424,train
4425,train
4426,train
4427,test
4428,train
4429,train
4430,train
4431,train
4432,train
4433,train
4434,test
4435,train
4436,train
4437,train
4438,train
4439,test
4440,train
4441,train
4442,train
4443,train
4444,train
4445,train
4446,train
4447,train
4448,train
4449,train
4450,train
4451,train
4452,train
4453,train
4454,train
4455,train
4456,test
4457,test
4458,train
4459,train
4460,train
4461,train
4462,test
4463,train
4464,train
4465,train
4466,train
4467,train
4468,train
4469,train
4470,train
4471,train
4472,test
4473,test
4474,train
4475,train
4476,train
4477,train
4478,train
4479,train
4480,train
4481,test
4482,train
4483,train
4484,train
4485,train
4486,train
4487,train
4488,train
4489,train
4490,test
4491,train
4492,train
4493,train
4494,train
4495,test
4496,train
4497,train
4498,train
4499,train
4500,train
4501,train
4502,test
4503,train
4504,train
4505,train
4506,train
4507,test
4508,train
4509,train
4510,train
4511,train
4512,train
4513,train
4514,train
4515,train
4516,test
4517,train
4518,train
4519,train
4520,test
4521,train
4522,train
4523,train
4524,train
4525,train
4526,train
4527,train
4528,train
4529,train
4530,train
4531,train
4532,train
4533,test
4534,train
4535,train
4536,train
4537,test
4538,train
4539,train
4540,train
4541,train
4542,train
4543,train
4544,test
4545,test
4546,train
4547,train
4548,train
4549,test
4550,train
4551,test
4552,train
4553,train
4554,train
4555,test
4556,train
4557,train
4558,train
4559,test
4560,train
4561,train
4562,train
4563,train
4564,train
4565,train
4566,train
4567,test
4568,test
4569,train
4570,train
4571,train
4572,train
4573,train
4574,train
4575,train
4576,test
4577,train
4578,train
4579,train
4580,train
4581,train
4582,train
4583,train
4584,test
4585,train
4586,train
4587,train
4588,train
4589,train
4590,train
4591,train
4592,train
4593,train
4594,train
4595,train
4596,train
4597,train
4598,train
4599,train
4600,train
4601,train
4602,train
4603,train
4604,train
4605,train
4606,train
4607,train
4608,train
4609,train
4610,test
4611,train
4612,train
4613,train
4614,train
4615,test
4616,train
4617,test
4618,train
4619,train
4620,test
4621,train
4622,train
4623,train
4624,test
4625,test
4626,train
4627,train
4628,test
4629,train
4630,train
4631,train
4632,test
4633,train
4634,train
4635,train
4636,train
4637,train
4638,test
4639,train
4640,test
4641,test
4642,train
4643,train
4644,train
4645,train
4646,train
4647,train
4648,train
4649,train
4650,test
4651,test
4652,test
4653,train
4654,train
4655,train
4656,train
4657,test
4658,train
4659,train
4660,train
4661,train
4662,train
4663,train
4664,train
4665,train
4666,test
4667,train
4668,train
4669,train
4670,train
4671,train
4672,train
4673,train
4674,train
4675,train
4676,test
4677,train
4678,test
4679,train
4680,train
4681,train
4682,train
4683,train
4684,test
4685,train
4686,train
4687,train
4688,train
4689,test
4690,train
4691,train
4692,test
4693,train
4694,test
4695,train
4696,test
4697,test
4698,train
4699,train
4700,test
4701,train
4702,train
4703,train
4704,train
4705,test
4706,train
4707,train
4708,train
4709,train
4710,train
4711,train
4712,test
4713,train
4714,train
4715,train
4716,train
4717,train
4718,train
4719,train
4720,test
4721,train
4722,train
4723,train
4724,test
4725,train
4726,train
4727,train
4728,train
4729,train
4730,train
4731,train
4732,train
4733,train
4734,train
4735,train
4736,train
4737,test
4738,train
4739,test
4740,train
4741,train
4742,train
4743,train
4744,train
4745,train
4746,train
4747,train
4748,train
4749,train
4750,train
4751,test
4752,test
4753,train
4754,train
4755,train
4756,test
4757,train
4758,train
4759,test
4760,train
4761,train
4762,train
4763,train
4764,train
4765,test
4766,train
4767,train
4768,train
4769,train
4770,train
4771,train
4772,train
4773,test
4774,test
4775,test
4776,train
4777,train
4778,train
4779,train
4780,test
4781,test
4782,test
4783,train
4784,test
4785,test
4786,test
4787,train
4788,train
4789,train
4790,train
4791,test
4792,test
4793,train
4794,train
4795,train
4796,train
4797,test
4798,train
4799,train
4800,train
4801,train
4802,train
4803,train
4804,train
4805,train
4806,test
4807,train
4808,train
4809,train
4810,train
4811,test
4812,train
4813,train
4814,train
4815,train
4816,train
4817,train
4818,train
4819,train
4820,test
4821,test
4822,test
4823,test
4824,test
4825,train
4826,train
4827,train
4828,train
4829,train
4830,train
4831,train
4832,train
4833,test
4834,test
4835,test
4836,train
4837,train
4838,test
4839,train
4840,train
4841,train
4842,train
4843,test
4844,train
4845,test
4846,train
4847,train
4848,train
4849,train
4850,train
4851,test
4852,train
4853,train
4854,test
4855,train
4856,train
4857,train
4858,test
4859,train
4860,test
4861,train
4862,train
4863,test
4864,test
4865,train
4866,train
4867,train
4868,train
4869,test
4870,train
4871,train
4872,train
4873,train
4874,train
4875,test
4876,train
4877,train
4878,test
4879,train
4880,test
4881,train
4882,train
4883,train
4884,train
4885,train
4886,train
4887,train
4888,train
4889,train
4890,train
4891,train
4892,test
4893,train
4894,train
4895,train
4896,train
4897,train
4898,train
4899,test
4900,train
4901,train
4902,test
4903,train
4904,train
4905,train
4906,test
4907,train
4908,train
4909,train
4910,train
4911,train
4912,train
4913,test
4914,train
4915,train
4916,train
4917,train
4918,train
4919,train
4920,train
4921,train
4922,train
4923,train
4924,train
4925,train
4926,train
4927,train
4928,train
4929,train
4930,test
4931,train
4932,train
4933,test
4934,test
4935,test
4936,train
4937,train
4938,test
4939,train
4940,train
4941,test
4942,train
4943,train
4944,train
4945,train
4946,train
4947,train
4948,train
4949,train
4950,train
4951,train
4952,test
4953,train
4954,train
4955,train
4956,train
4957,train
4958,train
4959,train
4960,train
4961,train
4962,train
4963,train
4964,train
4965,train
4966,train
4967,train
4968,test
4969,train
4970,train
4971,train
4972,test
4973,test
4974,test
4975,train
4976,train
4977,test
4978,train
4979,train
4980,train
4981,train
4982,train
4983,train
4984,train
4985,train
4986,train
4987,train
4988,train
4989,train
4990,train
4991,train
4992,test
4993,train
4994,test
4995,test
4996,train
4997,train
4998,train
4999,train
5000,train
5001,train
5002,train
5003,train
5004,train
5005,train
5006,test
5007,test
5008,train
5009,test
5010,train
5011,train
5012,test
5013,train
5014,train
5015,test
5016,train
5017,train
5018,train
5019,train
5020,train
5021,train
5022,train
5023,train
5024,train
5025,train
5026,train
5027,train
5028,train
5029,train
5030,test
5031,test
5032,test
5033,train
5034,test
5035,train
5036,train
5037,train
5038,test
5039,train
5040,train
5041,train
5042,train
5043,train
5044,test
5045,train
5046,train
5047,train
5048,train
5049,train
5050,train
5051,train
5052,train
5053,train
5054,train
5055,train
5056,test
5057,train
5058,train
5059,train
5060,train
5061,train
5062,train
5063,train
5064,train
5065,test
5066,train
5067,train
5068,train
5069,train
5070,train
5071,train
5072,train
5073,test
5074,train
5075,test
5076,train
5077,train
5078,train
5079,train
5080,train
5081,train
5082,train
5083,test
5084,train
5085,train
5086,train
5087,train
5088,train
5089,train
5090,train
5091,train
5092,train
5093,train
5094,train
5095,train
5096,train
5097,train
5098,train
5099,test
5100,train
5101,test
5102,test
5103,train
5104,train
5105,train
5106,test
5107,train
5108,train
5109,test
5110,train
5111,train
5112,train
5113,train
5114,train
5115,train
5116,train
5117,train
5118,train
5119,train
5120,train
5121,train
5122,train
5123,train
5124,train
5125,train
5126,train
5127,train
5128,train
5129,train
5130,train
5131,train
5132,train
5133,train
5134,train
5135,train
5136,train
5137,train
5138,test
5139,train
5140,train
5141,train
5142,train
5143,train
5144,train
5145,train
5146,train
5147,test
5148,test
5149,train
5150,train
5151,train
5152,train
5153,train
5154,train
5155,train
5156,train
5157,train
5158,train
5159,train
5160,train
5161,train
5162,train
5163,train
5164,train
5165,train
5166,train
5167,test
5168,test
5169,train
5170,train
5171,train
5172,train
5173,train
5174,train
5175,train
5176,train
5177,train
5178,test
5179,train
5180,train
5181,train
5182,train
5183,test
5184,train
5185,train
5186,test
5187,train
5188,train
5189,train
5190,train
5191,train
5192,train
5193,test
5194,train
5195,train
5196,train
5197,train
5198,train
5199,train
5200,test
5201,train
5202,train
5203,train
5204,train
5205,train
5206,train
5207,test
5208,train
5209,train
5210,train
5211,train
5212,train
5213,train
5214,train
5215,train
5216,train
5217,train
5218,train
5219,train
5220,train
5221,test
5222,train
5223,train
5224,train
5225,train
5226,test
5227,train
5228,train
5229,test
5230,test
5231,test
5232,train
5233,train
5234,train
5235,train
5236,test
5237,train
5238,train
5239,train
5240,train
5241,train
5242,train
5243,train
5244,train
5245,train
5246,train
5247,train
5248,train
5249,test
5250,test
5251,train
5252,train
5253,train
5254,train
5255,train
5256,train
5257,train
5258,train
5259,train
5260,test
5261,test
5262,train
5263,test
5264,test
5265,train
5266,test
5267,train
5268,train
5269,train
5270,test
5271,train
5272,train
5273,train
5274,test
5275,test
5276,train
5277,train
5278,train
5279,train
5280,train
5281,train
5282,train
5283,train
5284,train
5285,train
5286,train
5287,train
5288,test
5289,train
5290,test
5291,train
5292,train
5293,train
5294,train
5295,train
5296,train
5297,train
5298,train
5299,train
5300,train
5301,train
5302,train
5303,train
5304,train
5305,test
5306,train
5307,train
5308,train
5309,train
5310,train
5311,train
5312,train
5313,train
5314,train
5315,train
5316,test
5317,train
5318,train
5319,test
5320,train
5321,train
5322,train
5323,train
5324,train
5325,train
5326,test
5327,train
5328,train
5329,train
5330,train
5331,train
5332,train
5333,train
5334,test
5335,train
5336,train
5337,train
5338,train
5339,train
5340,train
5341,train
5342,test
5343,test
5344,train
5345,train
5346,train
5347,test
5348,test
5349,train
5350,train
5351,train
5352,train
5353,train
5354,train
5355,train
5356,train
5357,test
5358,train
5359,train
5360,train
5361,train
5362,train
5363,train
5364,train
5365,train
5366,train
5367,train
5368,train
5369,train
5370,train
5371,train
5372,train
5373,train
5374,train
5375,train
5376,train
5377,train
5378,train
5379,test
5380,test
5381,train
5382,train
5383,test
5384,test
5385,train
5386,train
5387,train
5388,train
5389,test
5390,train
5391,train
5392,test
5393,train
5394,test
5395,train
5396,train
5397,test
5398,train
5399,test
5400,train
5401,test
5402,train
5403,train
5404,train
5405,test
5406,train
5407,train
5408,train
5409,train
5410,test
5411,test
5412,test
5413,train
5414,train
5415,train
5416,train
5417,train
5418,train
5419,train
5420,train
5421,train
5422,test
5423,train
5424,train
5425,train
5426,test
5427,train
5428,train
5429,train
5430,test
5431,train
5432,train
5433,train
5434,train
5435,test
5436,train
5437,train
5438,train
5439,test
5440,test
5441,train
5442,train
5443,train
5444,train
5445,train
5446,train
5447,train
5448,train
5449,train
5450,train
5451,train
5452,test
5453,train
5454,train
5455,train
5456,train
5457,test
5458,test
5459,test
5460,train
5461,test
5462,test
5463,train
5464,train
5465,train
5466,train
5467,train
5468,train
5469,train
5470,test
5471,train
5472,train
5473,train
5474,test
5475,train
5476,train
5477,train
5478,test
5479,train
5480,test
5481,train
5482,train
5483,test
5484,train
5485,test
5486,train
5487,train
5488,train
5489,test
5490,train
5491,train
5492,train
5493,test
5494,train
5495,test
5496,train
5497,train
5498,train
5499,train
5500,train
5501,test
5502,train
5503,train
5504,test
5505,test
5506,train
5507,train
5508,train
5509,train
5510,train
5511,train
5512,train
5513,train
5514,train
5515,train
5516,test
5517,train
5518,test
5519,train
5520,train
5521,train
5522,train
5523,test
5524,train
5525,train
5526,test
5527,train
5528,train
5529,train
5530,train
5531,test
5532,train
5533,train
5534,train
5535,test
5536,test
5537,train
5538,train
5539,train
5540,train
5541,train
5542,train
5543,train
5544,train
5545,train
5546,train
5547,train
5548,train
5549,test
5550,train
5551,train
5552,train
5553,train
5554,test
5555,test
5556,train
5557,train
5558,train
5559,test
5560,train
5561,train
5562,train
5563,train
5564,train
5565,train
5566,train
5567,train
5568,train
5569,test
5570,train
5571,train
5572,test
5573,train
5574,test
5575,train
5576,train
5577,train
5578,train
5579,train
5580,train
5581,test
5582,train
5583,train
5584,train
5585,train
5586,test
5587,test
5588,train
5589,train
5590,test
5591,train
5592,train
5593,train
5594,train
5595,test
5596,train
5597,train
5598,test
5599,train
5600,train
5601,test
5602,train
5603,train
5604,train
5605,test
5606,train
5607,test
5608,train
5609,test
5610,train
5611,test
5612,train
5613,train
5614,train
5615,train
5616,train
5617,train
5618,train
5619,test
5620,test
5621,train
5622,train
5623,train
5624,train
5625,test
5626,train
5627,train
5628,train
5629,train
5630,train
5631,train
5632,test
5633,train
5634,train
5635,test
5636,train
5637,test
5638,train
5639,train
5640,train
5641,train
5642,train
5643,train
5644,train
5645,train
5646,train
5647,train
5648,train
5649,train
5650,train
5651,test
5652,train
5653,train
5654,train
5655,test
5656,test
5657,train
5658,train
5659,test
5660,train
5661,train
5662,train
5663,train
5664,train
5665,test
5666,train
5667,train
5668,train
5669,train
5670,test
5671,train
5672,train
5673,train
5674,train
5675,train
5676,train
5677,train
5678,test
5679,train
5680,train
5681,test
5682,train
5683,train
5684,train
5685,train
5686,test
5687,train
5688,test
5689,test
5690,train
5691,train
5692,test
5693,train
5694,train
5695,train
5696,train
5697,train
5698,train
5699,train
