category,subject,n,small_acc,mid_acc,large_acc,large_label_rate
Social Sciences,high_school_microeconomics,100,0.4300,0.7700,0.8700,0.4800
Social Sciences,econometrics,100,0.3100,0.5500,0.6400,0.4700
STEM,astronomy,100,0.4600,0.7500,0.8500,0.4600
Social Sciences,high_school_macroeconomics,100,0.4500,0.7800,0.8600,0.4500
STEM,high_school_mathematics,100,0.2500,0.4300,0.6100,0.4400
Other,professional_medicine,100,0.4000,0.6500,0.8100,0.4400
STEM,high_school_statistics,100,0.2700,0.5600,0.6500,0.4400
STEM,college_computer_science,100,0.3500,0.6000,0.6600,0.4100
Other,medical_genetics,100,0.5000,0.8100,0.8400,0.4100
Social Sciences,high_school_government_and_politics,100,0.5500,0.8800,0.9400,0.4100
STEM,abstract_algebra,100,0.3400,0.4800,0.5800,0.4000
STEM,college_biology,100,0.4900,0.7700,0.8300,0.4000
Other,anatomy,100,0.3800,0.6600,0.7400,0.3900
STEM,high_school_computer_science,100,0.4700,0.7100,0.8500,0.3900
Other,business_ethics,100,0.4800,0.7500,0.8200,0.3800
Humanities,moral_scenarios,100,0.2400,0.3100,0.4600,0.3800
STEM,elementary_mathematics,100,0.3400,0.5400,0.6400,0.3800
Humanities,high_school_us_history,100,0.5200,0.8100,0.8700,0.3800
Humanities,logical_fallacies,100,0.5100,0.7900,0.8300,0.3700
STEM,conceptual_physics,100,0.4200,0.7200,0.7700,0.3700
STEM,high_school_chemistry,100,0.4200,0.6000,0.6600,0.3500
STEM,college_physics,100,0.3100,0.5300,0.5000,0.3400
Humanities,professional_law,100,0.3100,0.4500,0.5600,0.3400
Other,professional_accounting,100,0.3100,0.5300,0.5500,0.3400
Other,management,100,0.5800,0.7900,0.9000,0.3400
STEM,high_school_physics,100,0.2800,0.4300,0.5400,0.3400
STEM,high_school_biology,100,0.5800,0.8500,0.8700,0.3300
Social Sciences,professional_psychology,100,0.4500,0.6900,0.7700,0.3300
Social Sciences,high_school_geography,100,0.6200,0.8300,0.9100,0.3200
Humanities,formal_logic,100,0.2800,0.4500,0.5300,0.3200
Humanities,high_school_european_history,100,0.5700,0.7900,0.8000,0.3200
Humanities,world_religions,100,0.5900,0.8100,0.8400,0.3100
Other,clinical_knowledge,100,0.5600,0.6500,0.7900,0.3100
Other,nutrition,100,0.6000,0.7000,0.8100,0.3100
Other,college_medicine,100,0.4400,0.7000,0.6300,0.3100
STEM,college_chemistry,100,0.3200,0.4800,0.5000,0.3000
Humanities,prehistory,100,0.5300,0.6800,0.7900,0.3000
STEM,college_mathematics,100,0.3200,0.3700,0.4200,0.3000
Social Sciences,human_sexuality,100,0.5400,0.7500,0.7800,0.3000
Humanities,moral_disputes,100,0.5100,0.6600,0.7600,0.2900
Other,miscellaneous,100,0.6200,0.7800,0.8300,0.2700
Social Sciences,high_school_psychology,100,0.6400,0.8200,0.8700,0.2700
Humanities,philosophy,100,0.5200,0.7300,0.7100,0.2600
STEM,machine_learning,100,0.4500,0.4700,0.5000,0.2500
Other,human_aging,100,0.5500,0.7000,0.7600,0.2500
Humanities,jurisprudence,100,0.6000,0.8100,0.8000,0.2400
Social Sciences,sociology,100,0.6800,0.8300,0.8500,0.2400
STEM,electrical_engineering,100,0.5400,0.6200,0.7100,0.2400
Other,global_facts,100,0.3500,0.4200,0.4300,0.2300
Social Sciences,public_relations,100,0.5800,0.6800,0.7100,0.2300
Humanities,international_law,100,0.7100,0.7800,0.8400,0.2200
Humanities,high_school_world_history,100,0.6700,0.8500,0.8500,0.2100
STEM,computer_security,100,0.6700,0.7300,0.7900,0.2000
Social Sciences,us_foreign_policy,100,0.7300,0.8400,0.8700,0.1900
Social Sciences,security_studies,100,0.6500,0.7700,0.7800,0.1800
Other,virology,100,0.4200,0.5300,0.5200,0.1700
Other,marketing,100,0.8100,0.8700,0.9300,0.1600
