qid,cluster
0,3
1,3
2,3
3,0
4,3
5,0
6,0
7,0
8,3
9,3
10,0
11,0
12,3
13,3
14,3
15,0
16,3
17,3
18,1
19,0
20,0
21,3
22,0
23,1
24,0
25,1
26,0
27,1
28,0
29,0
30,0
31,1
32,0
33,1
34,0
35,3
36,3
37,1
38,3
39,0
40,3
41,3
42,0
43,0
44,0
45,0
46,0
47,3
48,0
49,3
50,0
51,3
52,3
53,0
54,3
55,0
56,0
57,3
58,0
59,0
60,0
61,0
62,0
63,0
64,3
65,0
66,0
67,1
68,3
69,0
70,3
71,3
72,3
73,3
74,0
75,0
76,0
77,3
78,0
79,0
80,1
81,0
82,0
83,0
84,0
85,0
86,0
87,3
88,3
89,0
90,0
91,1
92,0
93,3
94,0
95,0
96,3
97,3
98,3
99,0
100,6
101,1
102,6
103,1
104,1
105,1
106,6
107,1
108,6
109,1
110,1
111,1
112,1
113,1
114,1
115,1
116,1
117,6
118,1
119,6
120,1
121,1
122,6
123,1
124,1
125,1
126,1
127,1
128,1
129,1
130,1
131,1
132,6
133,6
134,1
135,1
136,1
137,1
138,1
139,1
140,1
141,1
142,1
143,1
144,6
145,1
146,1
147,1
148,1
149,1
150,6
151,1
152,1
153,6
154,6
155,6
156,6
157,1
158,1
159,1
160,1
161,1
162,1
163,6
164,1
165,1
166,1
167,1
168,1
169,1
170,1
171,1
172,6
173,1
174,1
175,1
176,1
177,1
178,1
179,6
180,1
181,1
182,6
183,1
184,6
185,1
186,1
187,1
188,1
189,1
190,1
191,1
192,6
193,1
194,1
195,1
196,1
197,1
198,6
199,1
200,1
201,0
202,1
203,3
204,1
205,1
206,3
207,1
208,1
209,1
210,1
211,1
212,1
213,1
214,1
215,0
216,1
217,1
218,1
219,1
220,1
221,1
222,1
223,1
224,1
225,4
226,1
227,1
228,3
229,1
230,1
231,3
232,1
233,1
234,1
235,1
236,4
237,1
238,3
239,1
240,1
241,1
242,1
243,1
244,3
245,1
246,1
247,3
248,1
249,4
250,1
251,1
252,3
253,1
254,1
255,3
256,4
257,1
258,3
259,1
260,1
261,3
262,1
263,1
264,1
265,1
266,3
267,1
268,3
269,1
270,3
271,4
272,1
273,3
274,3
275,1
276,1
277,3
278,3
279,1
280,1
281,1
282,1
283,1
284,1
285,1
286,1
287,1
288,1
289,4
290,1
291,1
292,3
293,1
294,1
295,1
296,1
297,1
298,1
299,3
300,2
301,2
302,2
303,2
304,2
305,2
306,2
307,2
308,2
309,2
310,2
311,0
312,2
313,2
314,2
315,2
316,2
317,2
318,2
319,4
320,2
321,2
322,2
323,2
324,4
325,2
326,2
327,2
328,2
329,2
330,2
331,2
332,3
333,2
334,2
335,2
336,2
337,2
338,2
339,2
340,4
341,5
342,2
343,2
344,2
345,2
346,2
347,2
348,2
349,2
350,2
351,2
352,2
353,2
354,0
355,3
356,2
357,2
358,0
359,2
360,2
361,2
362,2
363,4
364,2
365,2
366,4
367,2
368,2
369,2
370,5
371,2
372,2
373,2
374,2
375,4
376,2
377,5
378,2
379,2
380,2
381,2
382,2
383,2
384,2
385,2
386,4
387,2
388,2
389,2
390,3
391,2
392,2
393,2
394,3
395,2
396,0
397,2
398,2
399,2
400,2
401,1
402,1
403,1
404,1
405,6
406,6
407,4
408,6
409,6
410,1
411,3
412,3
413,1
414,1
415,1
416,1
417,3
418,6
419,3
420,4
421,6
422,6
423,3
424,6
425,6
426,1
427,1
428,6
429,1
430,6
431,6
432,1
433,6
434,1
435,3
436,6
437,6
438,6
439,6
440,1
441,6
442,6
443,6
444,1
445,6
446,6
447,1
448,1
449,1
450,1
451,6
452,1
453,0
454,6
455,1
456,1
457,6
458,1
459,6
460,3
461,1
462,6
463,1
464,6
465,1
466,1
467,3
468,1
469,1
470,6
471,1
472,1
473,6
474,6
475,1
476,6
477,6
478,4
479,6
480,2
481,1
482,1
483,6
484,1
485,1
486,6
487,3
488,6
489,6
490,3
491,1
492,6
493,6
494,1
495,1
496,6
497,6
498,1
499,6
500,1
501,4
502,1
503,1
504,4
505,1
506,1
507,4
508,1
509,1
510,1
511,1
512,1
513,4
514,4
515,1
516,1
517,1
518,4
519,1
520,4
521,1
522,1
523,1
524,1
525,1
526,1
527,1
528,1
529,4
530,1
531,1
532,1
533,1
534,1
535,1
536,1
537,1
538,1
539,1
540,1
541,1
542,1
543,1
544,1
545,1
546,1
547,1
548,4
549,1
550,1
551,3
552,1
553,1
554,1
555,1
556,6
557,1
558,1
559,2
560,2
561,1
562,1
563,1
564,4
565,1
566,1
567,1
568,1
569,1
570,1
571,1
572,1
573,1
574,1
575,4
576,1
577,4
578,4
579,1
580,4
581,1
582,1
583,1
584,1
585,1
586,1
587,1
588,1
589,1
590,4
591,1
592,4
593,1
594,1
595,4
596,1
597,1
598,4
599,1
600,3
601,1
602,3
603,3
604,4
605,3
606,1
607,1
608,3
609,1
610,3
611,3
612,3
613,3
614,1
615,3
616,1
617,1
618,1
619,3
620,1
621,1
622,3
623,1
624,1
625,3
626,1
627,3
628,1
629,3
630,3
631,3
632,1
633,1
634,3
635,3
636,3
637,3
638,3
639,1
640,1
641,3
642,1
643,3
644,3
645,3
646,3
647,3
648,1
649,3
650,3
651,3
652,3
653,1
654,3
655,3
656,4
657,3
658,3
659,1
660,1
661,3
662,3
663,1
664,1
665,1
666,1
667,3
668,3
669,3
670,1
671,3
672,3
673,1
674,1
675,3
676,1
677,1
678,4
679,1
680,1
681,3
682,3
683,1
684,4
685,3
686,3
687,1
688,1
689,3
690,3
691,4
692,3
693,1
694,1
695,1
696,3
697,3
698,3
699,1
700,1
701,1
702,1
703,1
704,0
705,1
706,0
707,4
708,4
709,2
710,1
711,3
712,3
713,1
714,0
715,1
716,4
717,1
718,0
719,0
720,1
721,1
722,1
723,3
724,1
725,1
726,1
727,1
728,1
729,4
730,1
731,4
732,3
733,4
734,1
735,0
736,1
737,3
738,3
739,1
740,0
741,1
742,0
743,1
744,1
745,4
746,3
747,0
748,3
749,3
750,6
751,4
752,1
753,1
754,1
755,3
756,0
757,1
758,3
759,1
760,1
761,1
762,1
763,4
764,1
765,3
766,1
767,4
768,3
769,1
770,4
771,1
772,3
773,3
774,0
775,3
776,1
777,3
778,4
779,3
780,1
781,0
782,1
783,4
784,3
785,3
786,4
787,0
788,3
789,1
790,3
791,3
792,1
793,1
794,1
795,1
796,0
797,4
798,3
799,3
800,3
801,3
802,3
803,3
804,3
805,1
806,3
807,3
808,4
809,1
810,3
811,3
812,3
813,3
814,3
815,1
816,1
817,3
818,1
819,3
820,1
821,3
822,0
823,3
824,0
825,1
826,3
827,3
828,1
829,3
830,0
831,3
832,1
833,1
834,1
835,3
836,3
837,3
838,0
839,3
840,1
841,1
842,3
843,1
844,3
845,0
846,3
847,3
848,1
849,4
850,1
851,3
852,1
853,3
854,1
855,0
856,3
857,3
858,3
859,3
860,3
861,3
862,0
863,3
864,1
865,3
866,3
867,1
868,3
869,3
870,3
871,4
872,3
873,1
874,3
875,3
876,4
877,3
878,3
879,1
880,1
881,3
882,1
883,3
884,1
885,1
886,1
887,3
888,1
889,1
890,3
891,1
892,3
893,3
894,3
895,3
896,1
897,3
898,3
899,1
900,3
901,1
902,1
903,3
904,1
905,1
906,1
907,1
908,0
909,6
910,1
911,1
912,1
913,1
914,1
915,1
916,1
917,3
918,3
919,1
920,1
921,4
922,1
923,1
924,4
925,1
926,6
927,2
928,3
929,6
930,3
931,1
932,3
933,1
934,6
935,6
936,1
937,1
938,1
939,6
940,1
941,1
942,1
943,6
944,1
945,1
946,1
947,1
948,6
949,4
950,6
951,1
952,6
953,2
954,6
955,6
956,4
957,1
958,1
959,1
960,6
961,6
962,2
963,1
964,6
965,3
966,5
967,1
968,6
969,1
970,1
971,1
972,1
973,6
974,6
975,4
976,1
977,1
978,1
979,1
980,2
981,6
982,1
983,1
984,1
985,6
986,6
987,2
988,1
989,1
990,1
991,1
992,1
993,3
994,6
995,1
996,1
997,3
998,1
999,2
1000,3
1001,3
1002,4
1003,1
1004,1
1005,3
1006,3
1007,3
1008,3
1009,3
1010,1
1011,3
1012,1
1013,1
1014,1
1015,0
1016,1
1017,3
1018,3
1019,3
1020,1
1021,3
1022,3
1023,3
1024,1
1025,1
1026,3
1027,3
1028,1
1029,3
1030,3
1031,4
1032,3
1033,3
1034,3
1035,3
1036,4
1037,1
1038,3
1039,3
1040,3
1041,3
1042,3
1043,3
1044,3
1045,3
1046,3
1047,3
1048,3
1049,3
1050,3
1051,1
1052,1
1053,3
1054,1
1055,3
1056,3
1057,3
1058,3
1059,4
1060,1
1061,3
1062,3
1063,3
1064,1
1065,3
1066,3
1067,3
1068,4
1069,3
1070,3
1071,3
1072,3
1073,3
1074,1
1075,3
1076,3
1077,3
1078,3
1079,3
1080,1
1081,3
1082,3
1083,1
1084,1
1085,1
1086,3
1087,1
1088,3
1089,3
1090,3
1091,3
1092,3
1093,3
1094,3
1095,3
1096,3
1097,3
1098,1
1099,3
1100,1
1101,0
1102,0
1103,0
1104,1
1105,4
1106,0
1107,1
1108,4
1109,0
1110,3
1111,1
1112,0
1113,0
1114,1
1115,1
1116,3
1117,1
1118,1
1119,2
1120,1
1121,0
1122,1
1123,1
1124,2
1125,1
1126,6
1127,1
1128,0
1129,0
1130,1
1131,1
1132,0
1133,1
1134,1
1135,4
1136,1
1137,1
1138,1
1139,1
1140,0
1141,1
1142,0
1143,6
1144,0
1145,1
1146,2
1147,1
1148,2
1149,6
1150,1
1151,0
1152,1
1153,3
1154,1
1155,1
1156,0
1157,1
1158,1
1159,1
1160,1
1161,1
1162,1
1163,6
1164,0
1165,0
1166,2
1167,4
1168,2
1169,3
1170,1
1171,1
1172,1
1173,0
1174,1
1175,1
1176,2
1177,2
1178,1
1179,1
1180,1
1181,1
1182,4
1183,1
1184,1
1185,1
1186,3
1187,1
1188,1
1189,0
1190,1
1191,1
1192,1
1193,2
1194,0
1195,1
1196,0
1197,1
1198,2
1199,0
1200,3
1201,1
1202,1
1203,1
1204,1
1205,1
1206,1
1207,1
1208,1
1209,3
1210,1
1211,4
1212,3
1213,1
1214,3
1215,4
1216,3
1217,3
1218,4
1219,1
1220,1
1221,3
1222,1
1223,1
1224,1
1225,1
1226,1
1227,1
1228,1
1229,1
1230,1
1231,3
1232,1
1233,1
1234,1
1235,3
1236,1
1237,3
1238,1
1239,4
1240,3
1241,1
1242,1
1243,1
1244,3
1245,1
1246,1
1247,1
1248,1
1249,1
1250,3
1251,1
1252,3
1253,3
1254,3
1255,1
1256,1
1257,3
1258,1
1259,1
1260,4
1261,1
1262,0
1263,1
1264,1
1265,3
1266,1
1267,1
1268,3
1269,1
1270,3
1271,1
1272,3
1273,1
1274,1
1275,4
1276,1
1277,3
1278,1
1279,3
1280,3
1281,5
1282,3
1283,3
1284,1
1285,1
1286,3
1287,1
1288,1
1289,1
1290,3
1291,3
1292,3
1293,0
1294,3
1295,1
1296,1
1297,4
1298,3
1299,1
1300,3
1301,4
1302,4
1303,4
1304,4
1305,4
1306,0
1307,4
1308,4
1309,3
1310,4
1311,4
1312,4
1313,1
1314,4
1315,4
1316,4
1317,3
1318,1
1319,4
1320,4
1321,4
1322,4
1323,0
1324,4
1325,4
1326,4
1327,4
1328,4
1329,4
1330,4
1331,4
1332,4
1333,4
1334,4
1335,4
1336,4
1337,4
1338,6
1339,4
1340,4
1341,4
1342,4
1343,4
1344,4
1345,2
1346,4
1347,4
1348,4
1349,4
1350,3
1351,1
1352,4
1353,4
1354,4
1355,4
1356,0
1357,1
1358,4
1359,4
1360,4
1361,4
1362,4
1363,4
1364,4
1365,4
1366,1
1367,6
1368,4
1369,3
1370,3
1371,4
1372,4
1373,4
1374,1
1375,4
1376,4
1377,4
1378,4
1379,4
1380,4
1381,4
1382,0
1383,4
1384,4
1385,3
1386,4
1387,3
1388,1
1389,0
1390,4
1391,4
1392,3
1393,4
1394,4
1395,4
1396,4
1397,4
1398,4
1399,4
1400,1
1401,1
1402,3
1403,1
1404,3
1405,3
1406,1
1407,3
1408,3
1409,3
1410,1
1411,1
1412,3
1413,4
1414,3
1415,1
1416,1
1417,3
1418,3
1419,3
1420,4
1421,4
1422,3
1423,0
1424,1
1425,3
1426,4
1427,1
1428,1
1429,1
1430,3
1431,1
1432,6
1433,4
1434,1
1435,1
1436,3
1437,1
1438,1
1439,4
1440,1
1441,1
1442,4
1443,4
1444,1
1445,1
1446,3
1447,1
1448,1
1449,1
1450,1
1451,3
1452,1
1453,1
1454,3
1455,3
1456,1
1457,4
1458,1
1459,4
1460,3
1461,4
1462,3
1463,1
1464,4
1465,1
1466,1
1467,4
1468,1
1469,1
1470,3
1471,4
1472,3
1473,3
1474,1
1475,1
1476,3
1477,1
1478,1
1479,1
1480,1
1481,3
1482,1
1483,4
1484,1
1485,3
1486,3
1487,4
1488,1
1489,1
1490,4
1491,1
1492,1
1493,3
1494,1
1495,1
1496,3
1497,3
1498,1
1499,1
1500,3
1501,3
1502,3
1503,3
1504,3
1505,3
1506,3
1507,3
1508,3
1509,3
1510,3
1511,3
1512,3
1513,3
1514,3
1515,3
1516,3
1517,3
1518,3
1519,3
1520,3
1521,3
1522,3
1523,3
1524,3
1525,3
1526,3
1527,3
1528,3
1529,3
1530,3
1531,3
1532,3
1533,3
1534,3
1535,3
1536,3
1537,1
1538,3
1539,3
1540,3
1541,3
1542,3
1543,4
1544,3
1545,3
1546,4
1547,3
1548,3
1549,3
1550,3
1551,3
1552,3
1553,3
1554,3
1555,3
1556,3
1557,3
1558,3
1559,3
1560,3
1561,3
1562,3
1563,3
1564,3
1565,3
1566,3
1567,3
1568,3
1569,3
1570,3
1571,3
1572,3
1573,3
1574,3
1575,3
1576,3
1577,3
1578,3
1579,3
1580,3
1581,3
1582,3
1583,3
1584,3
1585,3
1586,3
1587,3
1588,3
1589,3
1590,3
1591,3
1592,3
1593,3
1594,3
1595,3
1596,3
1597,3
1598,3
1599,3
1600,0
1601,0
1602,0
1603,0
1604,0
1605,0
1606,0
1607,0
1608,0
1609,0
1610,0
1611,0
1612,0
1613,0
1614,0
1615,0
1616,0
1617,0
1618,0
1619,0
1620,0
1621,0
1622,0
1623,0
1624,0
1625,0
1626,0
1627,0
1628,0
1629,0
1630,0
1631,0
1632,0
1633,0
1634,0
1635,0
1636,0
1637,0
1638,0
1639,0
1640,0
1641,0
1642,0
1643,0
1644,0
1645,0
1646,0
1647,0
1648,0
1649,0
1650,0
1651,0
1652,0
1653,0
1654,0
1655,1
1656,0
1657,0
1658,0
1659,0
1660,0
1661,0
1662,0
1663,0
1664,0
1665,0
1666,0
1667,0
1668,0
1669,5
1670,0
1671,0
1672,0
1673,0
1674,0
1675,0
1676,0
1677,0
1678,0
1679,0
1680,0
1681,0
1682,0
1683,0
1684,0
1685,0
1686,0
1687,0
1688,0
1689,0
1690,0
1691,0
1692,0
1693,0
1694,0
1695,0
1696,0
1697,0
1698,0
1699,0
1700,3
1701,4
1702,3
1703,1
1704,4
1705,6
1706,3
1707,3
1708,3
1709,3
1710,4
1711,4
1712,3
1713,4
1714,3
1715,3
1716,3
1717,3
1718,4
1719,3
1720,3
1721,5
1722,4
1723,4
1724,4
1725,3
1726,4
1727,3
1728,3
1729,0
1730,3
1731,3
1732,4
1733,4
1734,4
1735,5
1736,4
1737,3
1738,4
1739,4
1740,3
1741,3
1742,4
1743,3
1744,6
1745,3
1746,3
1747,3
1748,3
1749,4
1750,3
1751,4
1752,3
1753,6
1754,3
1755,3
1756,4
1757,3
1758,4
1759,4
1760,3
1761,4
1762,6
1763,6
1764,0
1765,3
1766,3
1767,1
1768,3
1769,3
1770,6
1771,4
1772,4
1773,3
1774,3
1775,5
1776,4
1777,4
1778,4
1779,3
1780,4
1781,6
1782,4
1783,3
1784,4
1785,4
1786,2
1787,4
1788,3
1789,3
1790,1
1791,5
1792,2
1793,5
1794,4
1795,6
1796,5
1797,6
1798,3
1799,3
1800,4
1801,1
1802,1
1803,1
1804,4
1805,6
1806,6
1807,4
1808,1
1809,1
1810,1
1811,4
1812,4
1813,6
1814,1
1815,1
1816,6
1817,1
1818,1
1819,1
1820,4
1821,4
1822,1
1823,1
1824,1
1825,4
1826,1
1827,1
1828,1
1829,1
1830,6
1831,1
1832,4
1833,1
1834,1
1835,1
1836,3
1837,4
1838,1
1839,4
1840,4
1841,1
1842,1
1843,1
1844,4
1845,1
1846,4
1847,4
1848,1
1849,1
1850,1
1851,1
1852,6
1853,1
1854,1
1855,4
1856,4
1857,1
1858,5
1859,3
1860,1
1861,4
1862,1
1863,4
1864,4
1865,4
1866,1
1867,1
1868,1
1869,1
1870,1
1871,4
1872,6
1873,1
1874,4
1875,1
1876,4
1877,1
1878,4
1879,4
1880,1
1881,1
1882,1
1883,1
1884,1
1885,1
1886,6
1887,1
1888,1
1889,1
1890,1
1891,1
1892,1
1893,1
1894,4
1895,4
1896,1
1897,1
1898,1
1899,4
1900,3
1901,1
1902,1
1903,3
1904,1
1905,1
1906,3
1907,1
1908,3
1909,3
1910,1
1911,1
1912,1
1913,1
1914,1
1915,3
1916,1
1917,1
1918,1
1919,3
1920,1
1921,1
1922,1
1923,1
1924,1
1925,3
1926,3
1927,1
1928,1
1929,1
1930,3
1931,1
1932,3
1933,1
1934,1
1935,1
1936,3
1937,1
1938,3
1939,1
1940,1
1941,3
1942,3
1943,1
1944,1
1945,1
1946,1
1947,1
1948,1
1949,1
1950,3
1951,3
1952,3
1953,1
1954,1
1955,1
1956,1
1957,3
1958,3
1959,1
1960,3
1961,3
1962,1
1963,1
1964,3
1965,3
1966,1
1967,1
1968,3
1969,1
1970,3
1971,1
1972,3
1973,1
1974,1
1975,3
1976,1
1977,1
1978,1
1979,1
1980,3
1981,1
1982,1
1983,1
1984,3
1985,3
1986,3
1987,3
1988,3
1989,1
1990,1
1991,3
1992,1
1993,3
1994,1
1995,3
1996,1
1997,3
1998,1
1999,1
2000,3
2001,3
2002,1
2003,1
2004,4
2005,3
2006,3
2007,1
2008,4
2009,3
2010,2
2011,4
2012,0
2013,4
2014,1
2015,0
2016,3
2017,2
2018,4
2019,1
2020,0
2021,3
2022,3
2023,4
2024,0
2025,3
2026,4
2027,1
2028,1
2029,0
2030,3
2031,1
2032,4
2033,2
2034,0
2035,3
2036,3
2037,3
2038,3
2039,4
2040,4
2041,3
2042,4
2043,3
2044,1
2045,3
2046,3
2047,0
2048,4
2049,4
2050,4
2051,3
2052,3
2053,1
2054,3
2055,1
2056,3
2057,0
2058,1
2059,3
2060,3
2061,2
2062,3
2063,1
2064,2
2065,3
2066,4
2067,3
2068,3
2069,3
2070,3
2071,2
2072,3
2073,2
2074,0
2075,0
2076,0
2077,1
2078,3
2079,3
2080,1
2081,3
2082,4
2083,1
2084,4
2085,2
2086,4
2087,0
2088,3
2089,4
2090,3
2091,3
2092,3
2093,3
2094,4
2095,1
2096,2
2097,1
2098,1
2099,2
2100,1
2101,5
2102,5
2103,5
2104,5
2105,5
2106,5
2107,5
2108,5
2109,5
2110,5
2111,5
2112,5
2113,5
2114,5
2115,5
2116,5
2117,5
2118,5
2119,5
2120,5
2121,5
2122,5
2123,5
2124,5
2125,5
2126,5
2127,5
2128,5
2129,5
2130,5
2131,5
2132,5
2133,5
2134,5
2135,5
2136,5
2137,5
2138,5
2139,5
2140,5
2141,5
2142,5
2143,5
2144,5
2145,5
2146,5
2147,5
2148,5
2149,5
2150,5
2151,5
2152,5
2153,5
2154,5
2155,5
2156,5
2157,5
2158,5
2159,5
2160,5
2161,5
2162,5
2163,5
2164,5
2165,5
2166,5
2167,5
2168,5
2169,5
2170,5
2171,5
2172,5
2173,5
2174,5
2175,5
2176,5
2177,5
2178,5
2179,5
2180,5
2181,5
2182,5
2183,5
2184,5
2185,5
2186,5
2187,5
2188,5
2189,5
2190,5
2191,5
2192,5
2193,5
2194,5
2195,5
2196,5
2197,5
2198,5
2199,5
2200,4
2201,4
2202,4
2203,4
2204,5
2205,5
2206,1
2207,4
2208,1
2209,1
2210,1
2211,5
2212,5
2213,5
2214,1
2215,4
2216,1
2217,2
2218,1
2219,4
2220,4
2221,1
2222,4
2223,2
2224,5
2225,4
2226,4
2227,5
2228,4
2229,4
2230,4
2231,4
2232,2
2233,5
2234,5
2235,5
2236,5
2237,4
2238,4
2239,0
2240,4
2241,2
2242,4
2243,5
2244,4
2245,4
2246,4
2247,4
2248,5
2249,4
2250,1
2251,1
2252,4
2253,5
2254,1
2255,5
2256,5
2257,3
2258,4
2259,1
2260,5
2261,4
2262,5
2263,1
2264,4
2265,5
2266,0
2267,1
2268,4
2269,4
2270,5
2271,2
2272,4
2273,5
2274,1
2275,4
2276,5
2277,1
2278,2
2279,5
2280,4
2281,2
2282,5
2283,5
2284,1
2285,5
2286,5
2287,2
2288,4
2289,4
2290,4
2291,4
2292,5
2293,4
2294,4
2295,5
2296,1
2297,5
2298,4
2299,1
2300,0
2301,2
2302,2
2303,0
2304,1
2305,0
2306,4
2307,0
2308,0
2309,2
2310,0
2311,0
2312,0
2313,4
2314,5
2315,4
2316,0
2317,0
2318,1
2319,0
2320,0
2321,1
2322,4
2323,0
2324,0
2325,0
2326,0
2327,4
2328,5
2329,0
2330,4
2331,4
2332,0
2333,2
2334,2
2335,4
2336,5
2337,0
2338,0
2339,0
2340,0
2341,2
2342,0
2343,0
2344,5
2345,4
2346,0
2347,0
2348,4
2349,4
2350,0
2351,4
2352,0
2353,1
2354,1
2355,4
2356,5
2357,0
2358,0
2359,2
2360,2
2361,4
2362,0
2363,0
2364,4
2365,0
2366,1
2367,0
2368,4
2369,0
2370,5
2371,0
2372,5
2373,0
2374,2
2375,5
2376,0
2377,4
2378,0
2379,4
2380,4
2381,2
2382,0
2383,2
2384,3
2385,1
2386,4
2387,4
2388,4
2389,0
2390,0
2391,4
2392,4
2393,0
2394,0
2395,0
2396,4
2397,0
2398,1
2399,0
2400,4
2401,4
2402,4
2403,4
2404,4
2405,4
2406,4
2407,4
2408,4
2409,4
2410,4
2411,4
2412,4
2413,4
2414,4
2415,4
2416,4
2417,4
2418,4
2419,4
2420,4
2421,4
2422,4
2423,4
2424,1
2425,4
2426,4
2427,4
2428,4
2429,4
2430,4
2431,4
2432,4
2433,4
2434,4
2435,4
2436,4
2437,4
2438,4
2439,4
2440,4
2441,4
2442,4
2443,4
2444,4
2445,4
2446,4
2447,4
2448,4
2449,4
2450,4
2451,4
2452,4
2453,4
2454,4
2455,4
2456,4
2457,4
2458,4
2459,4
2460,4
2461,4
2462,4
2463,4
2464,4
2465,4
2466,4
2467,4
2468,4
2469,4
2470,2
2471,4
2472,3
2473,4
2474,4
2475,4
2476,4
2477,4
2478,4
2479,4
2480,4
2481,4
2482,4
2483,1
2484,4
2485,4
2486,4
2487,4
2488,4
2489,4
2490,4
2491,4
2492,0
2493,4
2494,4
2495,4
2496,4
2497,4
2498,4
2499,4
2500,1
2501,3
2502,3
2503,3
2504,3
2505,3
2506,3
2507,3
2508,3
2509,3
2510,3
2511,3
2512,3
2513,3
2514,3
2515,3
2516,3
2517,3
2518,3
2519,3
2520,3
2521,3
2522,3
2523,3
2524,3
2525,3
2526,4
2527,3
2528,3
2529,3
2530,3
2531,3
2532,3
2533,3
2534,3
2535,3
2536,3
2537,3
2538,3
2539,3
2540,3
2541,3
2542,3
2543,3
2544,3
2545,3
2546,3
2547,3
2548,3
2549,3
2550,3
2551,3
2552,3
2553,3
2554,3
2555,3
2556,3
2557,3
2558,3
2559,3
2560,3
2561,3
2562,3
2563,3
2564,3
2565,3
2566,3
2567,3
2568,3
2569,3
2570,3
2571,3
2572,3
2573,3
2574,3
2575,3
2576,3
2577,3
2578,3
2579,3
2580,3
2581,3
2582,3
2583,3
2584,3
2585,3
2586,3
2587,3
2588,3
2589,3
2590,3
2591,3
2592,3
2593,3
2594,3
2595,3
2596,3
2597,3
2598,3
2599,3
2600,4
2601,4
2602,4
2603,4
2604,4
2605,4
2606,4
2607,4
2608,4
2609,4
2610,4
2611,4
2612,4
2613,4
2614,4
2615,4
2616,4
2617,4
2618,4
2619,4
2620,4
2621,4
2622,4
2623,4
2624,4
2625,4
2626,4
2627,4
2628,4
2629,4
2630,4
2631,4
2632,4
2633,4
2634,4
2635,4
2636,4
2637,4
2638,4
2639,4
2640,4
2641,4
2642,4
2643,4
2644,4
2645,4
2646,4
2647,4
2648,4
2649,4
2650,4
2651,4
2652,4
2653,4
2654,4
2655,4
2656,2
2657,4
2658,4
2659,4
2660,4
2661,4
2662,4
2663,4
2664,4
2665,2
2666,2
2667,4
2668,4
2669,4
2670,4
2671,4
2672,4
2673,4
2674,4
2675,4
2676,4
2677,4
2678,4
2679,4
2680,4
2681,4
2682,4
2683,4
2684,4
2685,4
2686,4
2687,5
2688,4
2689,4
2690,4
2691,4
2692,4
2693,4
2694,4
2695,4
2696,4
2697,4
2698,4
2699,4
2700,3
2701,4
2702,4
2703,3
2704,3
2705,3
2706,3
2707,3
2708,3
2709,3
2710,3
2711,4
2712,3
2713,3
2714,3
2715,6
2716,3
2717,4
2718,3
2719,1
2720,4
2721,4
2722,3
2723,3
2724,3
2725,3
2726,1
2727,1
2728,4
2729,4
2730,1
2731,3
2732,3
2733,3
2734,3
2735,3
2736,3
2737,3
2738,3
2739,1
2740,3
2741,3
2742,3
2743,4
2744,1
2745,1
2746,1
2747,4
2748,1
2749,3
2750,3
2751,3
2752,3
2753,1
2754,3
2755,3
2756,3
2757,3
2758,1
2759,3
2760,1
2761,3
2762,4
2763,3
2764,3
2765,3
2766,1
2767,3
2768,3
2769,4
2770,1
2771,3
2772,3
2773,1
2774,3
2775,1
2776,3
2777,4
2778,3
2779,3
2780,3
2781,3
2782,3
2783,4
2784,3
2785,4
2786,3
2787,3
2788,3
2789,4
2790,4
2791,3
2792,3
2793,1
2794,3
2795,3
2796,4
2797,4
2798,3
2799,1
2800,2
2801,3
2802,1
2803,1
2804,3
2805,2
2806,1
2807,2
2808,6
2809,4
2810,6
2811,2
2812,6
2813,2
2814,6
2815,2
2816,1
2817,2
2818,2
2819,6
2820,6
2821,2
2822,6
2823,1
2824,0
2825,2
2826,4
2827,1
2828,1
2829,6
2830,2
2831,1
2832,3
2833,1
2834,1
2835,2
2836,5
2837,6
2838,2
2839,6
2840,1
2841,6
2842,1
2843,1
2844,6
2845,4
2846,2
2847,2
2848,2
2849,2
2850,6
2851,0
2852,6
2853,6
2854,6
2855,2
2856,6
2857,1
2858,1
2859,2
2860,2
2861,4
2862,0
2863,1
2864,2
2865,0
2866,6
2867,6
2868,2
2869,6
2870,3
2871,0
2872,2
2873,2
2874,2
2875,2
2876,2
2877,2
2878,2
2879,4
2880,2
2881,2
2882,6
2883,2
2884,2
2885,2
2886,4
2887,1
2888,2
2889,1
2890,2
2891,3
2892,4
2893,2
2894,6
2895,6
2896,2
2897,2
2898,1
2899,2
2900,3
2901,3
2902,4
2903,4
2904,4
2905,6
2906,4
2907,3
2908,4
2909,0
2910,3
2911,4
2912,3
2913,3
2914,0
2915,4
2916,4
2917,4
2918,4
2919,4
2920,3
2921,4
2922,3
2923,4
2924,4
2925,4
2926,6
2927,4
2928,3
2929,4
2930,4
2931,4
2932,3
2933,4
2934,3
2935,6
2936,4
2937,3
2938,4
2939,4
2940,4
2941,3
2942,3
2943,4
2944,0
2945,3
2946,6
2947,4
2948,0
2949,3
2950,4
2951,3
2952,4
2953,4
2954,3
2955,2
2956,3
2957,3
2958,3
2959,2
2960,3
2961,3
2962,0
2963,3
2964,3
2965,4
2966,4
2967,4
2968,4
2969,4
2970,6
2971,3
2972,4
2973,4
2974,0
2975,3
2976,3
2977,4
2978,3
2979,3
2980,4
2981,4
2982,3
2983,3
2984,3
2985,4
2986,3
2987,4
2988,3
2989,4
2990,3
2991,4
2992,0
2993,2
2994,2
2995,3
2996,4
2997,0
2998,6
2999,4
3000,5
3001,5
3002,5
3003,5
3004,5
3005,5
3006,5
3007,5
3008,5
3009,5
3010,5
3011,5
3012,5
3013,5
3014,0
3015,5
3016,5
3017,5
3018,5
3019,5
3020,5
3021,5
3022,5
3023,5
3024,5
3025,5
3026,5
3027,5
3028,5
3029,5
3030,5
3031,5
3032,0
3033,5
3034,5
3035,5
3036,5
3037,5
3038,5
3039,0
3040,0
3041,5
3042,5
3043,5
3044,5
3045,5
3046,5
3047,5
3048,5
3049,5
3050,5
3051,5
3052,5
3053,5
3054,5
3055,4
3056,5
3057,5
3058,5
3059,5
3060,5
3061,5
3062,5
3063,5
3064,5
3065,5
3066,5
3067,5
3068,5
3069,5
3070,5
3071,5
3072,5
3073,5
3074,5
3075,5
3076,5
3077,5
3078,5
3079,5
3080,5
3081,5
3082,5
3083,5
3084,5
3085,5
3086,5
3087,5
3088,5
3089,5
3090,5
3091,5
3092,5
3093,5
3094,5
3095,5
3096,5
3097,5
3098,5
3099,5
3100,5
3101,5
3102,5
3103,5
3104,5
3105,5
3106,5
3107,5
3108,5
3109,5
3110,5
3111,5
3112,5
3113,5
3114,5
3115,5
3116,5
3117,5
3118,5
3119,5
3120,5
3121,5
3122,5
3123,5
3124,5
3125,5
3126,5
3127,5
3128,5
3129,5
3130,5
3131,5
3132,5
3133,5
3134,5
3135,5
3136,5
3137,5
3138,5
3139,5
3140,5
3141,5
3142,5
3143,5
3144,5
3145,5
3146,5
3147,5
3148,5
3149,5
3150,5
3151,5
3152,5
3153,5
3154,5
3155,5
3156,5
3157,5
3158,5
3159,5
3160,5
3161,5
3162,5
3163,5
3164,5
3165,5
3166,5
3167,5
3168,5
3169,5
3170,5
3171,5
3172,5
3173,5
3174,5
3175,5
3176,5
3177,5
3178,5
3179,5
3180,5
3181,5
3182,5
3183,5
3184,5
3185,5
3186,5
3187,5
3188,5
3189,5
3190,5
3191,5
3192,5
3193,5
3194,5
3195,5
3196,5
3197,5
3198,5
3199,5
3200,6
3201,2
3202,6
3203,6
3204,6
3205,6
3206,4
3207,3
3208,2
3209,6
3210,2
3211,6
3212,4
3213,6
3214,2
3215,1
3216,2
3217,6
3218,1
3219,1
3220,6
3221,4
3222,6
3223,6
3224,2
3225,4
3226,6
3227,6
3228,6
3229,6
3230,4
3231,4
3232,2
3233,6
3234,4
3235,6
3236,2
3237,6
3238,2
3239,6
3240,6
3241,2
3242,6
3243,2
3244,1
3245,2
3246,6
3247,2
3248,4
3249,4
3250,2
3251,6
3252,4
3253,6
3254,4
3255,2
3256,4
3257,2
3258,0
3259,2
3260,6
3261,2
3262,2
3263,6
3264,2
3265,4
3266,1
3267,1
3268,6
3269,6
3270,2
3271,6
3272,6
3273,4
3274,4
3275,6
3276,2
3277,4
3278,6
3279,6
3280,6
3281,2
3282,6
3283,6
3284,6
3285,0
3286,6
3287,1
3288,6
3289,6
3290,6
3291,2
3292,6
3293,0
3294,6
3295,2
3296,6
3297,4
3298,2
3299,6
3300,1
3301,1
3302,6
3303,5
3304,6
3305,2
3306,5
3307,6
3308,2
3309,0
3310,5
3311,1
3312,1
3313,6
3314,6
3315,3
3316,6
3317,6
3318,4
3319,3
3320,1
3321,6
3322,1
3323,1
3324,6
3325,6
3326,1
3327,6
3328,2
3329,2
3330,6
3331,0
3332,6
3333,2
3334,6
3335,1
3336,0
3337,6
3338,6
3339,1
3340,6
3341,1
3342,5
3343,6
3344,6
3345,6
3346,6
3347,1
3348,0
3349,6
3350,2
3351,6
3352,6
3353,6
3354,6
3355,1
3356,6
3357,0
3358,1
3359,0
3360,6
3361,1
3362,6
3363,1
3364,0
3365,6
3366,2
3367,2
3368,5
3369,6
3370,2
3371,6
3372,6
3373,6
3374,6
3375,1
3376,5
3377,6
3378,2
3379,3
3380,6
3381,2
3382,6
3383,6
3384,2
3385,6
3386,2
3387,6
3388,2
3389,6
3390,3
3391,3
3392,5
3393,6
3394,6
3395,1
3396,1
3397,6
3398,6
3399,1
3400,0
3401,2
3402,0
3403,0
3404,5
3405,0
3406,0
3407,5
3408,5
3409,5
3410,0
3411,5
3412,5
3413,5
3414,5
3415,5
3416,0
3417,0
3418,0
3419,0
3420,0
3421,2
3422,2
3423,0
3424,0
3425,5
3426,0
3427,0
3428,5
3429,0
3430,0
3431,5
3432,0
3433,0
3434,0
3435,0
3436,5
3437,0
3438,5
3439,5
3440,0
3441,5
3442,0
3443,5
3444,0
3445,5
3446,5
3447,0
3448,0
3449,5
3450,0
3451,5
3452,0
3453,5
3454,1
3455,0
3456,5
3457,0
3458,5
3459,0
3460,5
3461,5
3462,5
3463,5
3464,0
3465,0
3466,5
3467,0
3468,1
3469,0
3470,5
3471,5
3472,5
3473,5
3474,0
3475,0
3476,0
3477,0
3478,0
3479,0
3480,0
3481,0
3482,0
3483,0
3484,5
3485,0
3486,0
3487,0
3488,0
3489,0
3490,5
3491,5
3492,0
3493,5
3494,0
3495,0
3496,5
3497,0
3498,5
3499,5
3500,0
3501,5
3502,0
3503,2
3504,0
3505,5
3506,0
3507,5
3508,5
3509,0
3510,5
3511,0
3512,5
3513,0
3514,0
3515,0
3516,0
3517,0
3518,0
3519,0
3520,0
3521,0
3522,5
3523,0
3524,0
3525,0
3526,0
3527,0
3528,0
3529,0
3530,0
3531,0
3532,0
3533,5
3534,0
3535,2
3536,0
3537,5
3538,0
3539,5
3540,0
3541,5
3542,0
3543,5
3544,0
3545,0
3546,0
3547,0
3548,5
3549,0
3550,0
3551,0
3552,0
3553,0
3554,0
3555,0
3556,0
3557,0
3558,0
3559,0
3560,0
3561,5
3562,5
3563,0
3564,5
3565,0
3566,0
3567,0
3568,5
3569,0
3570,5
3571,0
3572,0
3573,2
3574,0
3575,5
3576,5
3577,0
3578,0
3579,5
3580,0
3581,5
3582,0
3583,0
3584,0
3585,0
3586,5
3587,0
3588,0
3589,0
3590,0
3591,2
3592,0
3593,0
3594,5
3595,0
3596,5
3597,2
3598,0
3599,0
3600,0
3601,0
3602,0
3603,0
3604,0
3605,0
3606,0
3607,0
3608,0
3609,5
3610,0
3611,0
3612,0
3613,0
3614,0
3615,0
3616,2
3617,0
3618,0
3619,0
3620,0
3621,0
3622,0
3623,0
3624,0
3625,0
3626,0
3627,0
3628,0
3629,0
3630,0
3631,0
3632,0
3633,0
3634,0
3635,0
3636,0
3637,0
3638,0
3639,5
3640,5
3641,0
3642,0
3643,0
3644,2
3645,0
3646,0
3647,0
3648,0
3649,0
3650,0
3651,0
3652,0
3653,0
3654,0
3655,0
3656,0
3657,0
3658,0
3659,0
3660,0
3661,0
3662,0
3663,0
3664,0
3665,0
3666,0
3667,0
3668,0
3669,0
3670,0
3671,0
3672,0
3673,5
3674,0
3675,0
3676,2
3677,0
3678,0
3679,0
3680,0
3681,0
3682,0
3683,0
3684,0
3685,0
3686,0
3687,0
3688,0
3689,0
3690,0
3691,0
3692,0
3693,0
3694,0
3695,0
3696,0
3697,0
3698,0
3699,0
3700,4
3701,0
3702,3
3703,1
3704,4
3705,3
3706,4
3707,3
3708,4
3709,1
3710,1
3711,4
3712,1
3713,1
3714,1
3715,4
3716,4
3717,4
3718,4
3719,1
3720,1
3721,0
3722,1
3723,4
3724,4
3725,4
3726,4
3727,4
3728,1
3729,4
3730,4
3731,4
3732,4
3733,4
3734,0
3735,1
3736,4
3737,0
3738,1
3739,4
3740,3
3741,6
3742,4
3743,4
3744,1
3745,1
3746,4
3747,1
3748,4
3749,1
3750,4
3751,0
3752,4
3753,1
3754,0
3755,3
3756,2
3757,1
3758,4
3759,4
3760,1
3761,1
3762,3
3763,1
3764,3
3765,2
3766,0
3767,4
3768,0
3769,4
3770,4
3771,4
3772,1
3773,6
3774,1
3775,0
3776,4
3777,4
3778,4
3779,0
3780,0
3781,1
3782,1
3783,4
3784,0
3785,1
3786,0
3787,2
3788,4
3789,4
3790,0
3791,4
3792,3
3793,4
3794,4
3795,1
3796,4
3797,4
3798,3
3799,4
3800,2
3801,2
3802,5
3803,2
3804,5
3805,2
3806,2
3807,2
3808,2
3809,5
3810,5
3811,5
3812,2
3813,2
3814,2
3815,2
3816,2
3817,2
3818,2
3819,2
3820,2
3821,2
3822,2
3823,2
3824,2
3825,2
3826,2
3827,2
3828,2
3829,2
3830,2
3831,2
3832,2
3833,2
3834,2
3835,2
3836,2
3837,2
3838,2
3839,2
3840,2
3841,2
3842,2
3843,2
3844,2
3845,2
3846,2
3847,2
3848,2
3849,2
3850,2
3851,4
3852,2
3853,2
3854,2
3855,2
3856,5
3857,3
3858,2
3859,2
3860,2
3861,2
3862,2
3863,2
3864,2
3865,2
3866,2
3867,2
3868,2
3869,2
3870,2
3871,2
3872,1
3873,2
3874,2
3875,2
3876,2
3877,2
3878,2
3879,2
3880,2
3881,2
3882,2
3883,2
3884,2
3885,2
3886,5
3887,2
3888,2
3889,2
3890,2
3891,2
3892,2
3893,2
3894,2
3895,0
3896,2
3897,2
3898,2
3899,2
3900,2
3901,0
3902,2
3903,2
3904,4
3905,2
3906,2
3907,1
3908,2
3909,2
3910,2
3911,2
3912,2
3913,4
3914,2
3915,2
3916,2
3917,2
3918,2
3919,2
3920,2
3921,2
3922,2
3923,2
3924,2
3925,4
3926,2
3927,2
3928,2
3929,2
3930,2
3931,2
3932,2
3933,2
3934,2
3935,2
3936,2
3937,2
3938,2
3939,0
3940,2
3941,2
3942,2
3943,2
3944,2
3945,2
3946,2
3947,2
3948,3
3949,2
3950,2
3951,2
3952,2
3953,2
3954,2
3955,2
3956,2
3957,2
3958,2
3959,4
3960,2
3961,2
3962,2
3963,2
3964,2
3965,2
3966,2
3967,2
3968,2
3969,2
3970,2
3971,4
3972,2
3973,2
3974,2
3975,2
3976,2
3977,4
3978,2
3979,2
3980,4
3981,2
3982,2
3983,2
3984,4
3985,2
3986,2
3987,2
3988,2
3989,2
3990,2
3991,2
3992,2
3993,4
3994,2
3995,2
3996,2
3997,4
3998,2
3999,2
4000,1
4001,1
4002,3
4003,1
4004,6
4005,1
4006,6
4007,1
4008,6
4009,6
4010,6
4011,1
4012,6
4013,6
4014,6
4015,1
4016,3
4017,3
4018,6
4019,6
4020,6
4021,6
4022,6
4023,1
4024,6
4025,2
4026,6
4027,6
4028,6
4029,6
4030,6
4031,3
4032,6
4033,6
4034,6
4035,6
4036,6
4037,6
4038,6
4039,1
4040,6
4041,6
4042,6
4043,1
4044,1
4045,6
4046,6
4047,4
4048,3
4049,1
4050,6
4051,3
4052,1
4053,1
4054,1
4055,6
4056,1
4057,6
4058,1
4059,3
4060,6
4061,6
4062,3
4063,1
4064,6
4065,6
4066,6
4067,6
4068,6
4069,6
4070,6
4071,6
4072,6
4073,3
4074,6
4075,6
4076,6
4077,6
4078,1
4079,6
4080,6
4081,6
4082,6
4083,6
4084,6
4085,6
4086,6
4087,6
4088,1
4089,6
4090,6
4091,6
4092,6
4093,6
4094,6
4095,6
4096,6
4097,6
4098,1
4099,6
4100,1
4101,1
4102,0
4103,5
4104,1
4105,3
4106,1
4107,1
4108,5
4109,1
4110,1
4111,1
4112,1
4113,1
4114,1
4115,4
4116,1
4117,1
4118,1
4119,3
4120,1
4121,1
4122,3
4123,1
4124,2
4125,1
4126,4
4127,3
4128,4
4129,5
4130,1
4131,1
4132,1
4133,2
4134,1
4135,1
4136,3
4137,4
4138,5
4139,1
4140,2
4141,5
4142,4
4143,1
4144,1
4145,4
4146,3
4147,5
4148,5
4149,1
4150,2
4151,1
4152,1
4153,4
4154,2
4155,1
4156,3
4157,4
4158,2
4159,5
4160,3
4161,1
4162,5
4163,5
4164,5
4165,2
4166,1
4167,1
4168,3
4169,1
4170,1
4171,4
4172,1
4173,3
4174,5
4175,5
4176,1
4177,5
4178,1
4179,5
4180,3
4181,1
4182,2
4183,0
4184,5
4185,1
4186,1
4187,1
4188,3
4189,1
4190,6
4191,1
4192,2
4193,4
4194,3
4195,4
4196,1
4197,1
4198,1
4199,1
4200,4
4201,0
4202,4
4203,5
4204,2
4205,0
4206,0
4207,4
4208,0
4209,5
4210,0
4211,0
4212,0
4213,0
4214,5
4215,2
4216,0
4217,4
4218,2
4219,0
4220,5
4221,0
4222,0
4223,0
4224,0
4225,6
4226,5
4227,2
4228,2
4229,0
4230,0
4231,0
4232,5
4233,0
4234,5
4235,0
4236,5
4237,2
4238,0
4239,5
4240,5
4241,5
4242,5
4243,5
4244,5
4245,5
4246,0
4247,0
4248,0
4249,2
4250,0
4251,0
4252,5
4253,5
4254,0
4255,5
4256,2
4257,0
4258,5
4259,0
4260,5
4261,2
4262,0
4263,0
4264,2
4265,5
4266,6
4267,0
4268,0
4269,0
4270,5
4271,5
4272,1
4273,5
4274,0
4275,5
4276,5
4277,5
4278,5
4279,0
4280,0
4281,0
4282,5
4283,0
4284,0
4285,0
4286,0
4287,0
4288,0
4289,0
4290,5
4291,0
4292,5
4293,0
4294,5
4295,5
4296,0
4297,5
4298,5
4299,1
4300,7
4301,7
4302,7
4303,7
4304,7
4305,7
4306,7
4307,7
4308,7
4309,7
4310,7
4311,7
4312,7
4313,7
4314,7
4315,7
4316,7
4317,7
4318,7
4319,7
4320,7
4321,7
4322,7
4323,7
4324,7
4325,7
4326,7
4327,7
4328,7
4329,7
4330,7
4331,7
4332,7
4333,7
4334,7
4335,7
4336,7
4337,7
4338,7
4339,7
4340,7
4341,7
4342,7
4343,7
4344,7
4345,7
4346,7
4347,7
4348,7
4349,7
4350,7
4351,7
4352,7
4353,7
4354,7
4355,7
4356,7
4357,7
4358,7
4359,7
4360,7
4361,7
4362,7
4363,7
4364,7
4365,7
4366,7
4367,7
4368,7
4369,7
4370,7
4371,7
4372,7
4373,7
4374,7
4375,7
4376,7
4377,7
4378,7
4379,7
4380,7
4381,7
4382,7
4383,7
4384,7
4385,7
4386,7
4387,7
4388,7
4389,7
4390,7
4391,7
4392,7
4393,7
4394,7
4395,7
4396,7
4397,7
4398,7
4399,7
4400,4
4401,1
4402,4
4403,1
4404,6
4405,4
4406,6
4407,4
4408,1
4409,6
4410,4
4411,1
4412,1
4413,1
4414,6
4415,6
4416,0
4417,6
4418,1
4419,4
4420,6
4421,6
4422,6
4423,4
4424,4
4425,6
4426,1
4427,4
4428,1
4429,6
4430,1
4431,1
4432,1
4433,4
4434,1
4435,1
4436,6
4437,6
4438,1
4439,6
4440,6
4441,1
4442,6
4443,4
4444,6
4445,6
4446,6
4447,6
4448,1
4449,4
4450,1
4451,4
4452,1
4453,4
4454,4
4455,4
4456,6
4457,6
4458,6
4459,1
4460,6
4461,2
4462,6
4463,6
4464,6
4465,4
4466,1
4467,6
4468,1
4469,4
4470,1
4471,4
4472,4
4473,1
4474,4
4475,6
4476,6
4477,1
4478,6
4479,1
4480,1
4481,4
4482,6
4483,6
4484,1
4485,1
4486,6
4487,6
4488,6
4489,1
4490,6
4491,6
4492,6
4493,6
4494,6
4495,6
4496,1
4497,6
4498,4
4499,3
4500,2
4501,0
4502,0
4503,5
4504,5
4505,5
4506,2
4507,2
4508,5
4509,0
4510,5
4511,5
4512,5
4513,0
4514,0
4515,5
4516,0
4517,5
4518,0
4519,2
4520,2
4521,0
4522,6
4523,0
4524,2
4525,5
4526,2
4527,0
4528,0
4529,0
4530,0
4531,2
4532,5
4533,5
4534,5
4535,5
4536,0
4537,0
4538,5
4539,0
4540,5
4541,2
4542,5
4543,4
4544,0
4545,0
4546,5
4547,2
4548,5
4549,0
4550,5
4551,0
4552,5
4553,0
4554,2
4555,5
4556,0
4557,5
4558,5
4559,5
4560,0
4561,5
4562,0
4563,5
4564,5
4565,5
4566,0
4567,5
4568,0
4569,2
4570,5
4571,0
4572,0
4573,0
4574,5
4575,0
4576,5
4577,5
4578,5
4579,5
4580,5
4581,5
4582,0
4583,2
4584,0
4585,5
4586,5
4587,5
4588,5
4589,5
4590,5
4591,5
4592,2
4593,5
4594,2
4595,1
4596,0
4597,0
4598,5
4599,6
4600,1
4601,5
4602,6
4603,5
4604,1
4605,5
4606,3
4607,2
4608,5
4609,4
4610,5
4611,5
4612,5
4613,5
4614,4
4615,1
4616,5
4617,2
4618,1
4619,5
4620,5
4621,5
4622,4
4623,5
4624,1
4625,5
4626,5
4627,1
4628,5
4629,5
4630,5
4631,1
4632,3
4633,4
4634,1
4635,5
4636,5
4637,5
4638,1
4639,5
4640,5
4641,5
4642,5
4643,1
4644,5
4645,5
4646,5
4647,1
4648,5
4649,5
4650,5
4651,5
4652,5
4653,1
4654,1
4655,1
4656,5
4657,5
4658,1
4659,2
4660,5
4661,5
4662,5
4663,5
4664,5
4665,1
4666,5
4667,5
4668,1
4669,2
4670,1
4671,1
4672,5
4673,5
4674,1
4675,5
4676,4
4677,5
4678,1
4679,5
4680,5
4681,4
4682,5
4683,5
4684,1
4685,1
4686,5
4687,5
4688,5
4689,5
4690,4
4691,5
4692,4
4693,5
4694,1
4695,1
4696,5
4697,6
4698,5
4699,1
4700,2
4701,3
4702,3
4703,4
4704,2
4705,4
4706,2
4707,3
4708,0
4709,0
4710,3
4711,2
4712,4
4713,2
4714,4
4715,3
4716,3
4717,2
4718,3
4719,2
4720,4
4721,3
4722,3
4723,4
4724,3
4725,3
4726,3
4727,3
4728,2
4729,2
4730,4
4731,4
4732,2
4733,1
4734,3
4735,3
4736,4
4737,3
4738,4
4739,2
4740,3
4741,2
4742,2
4743,3
4744,3
4745,0
4746,3
4747,0
4748,3
4749,0
4750,3
4751,4
4752,2
4753,2
4754,3
4755,3
4756,2
4757,3
4758,4
4759,4
4760,4
4761,3
4762,3
4763,2
4764,0
4765,3
4766,4
4767,0
4768,3
4769,0
4770,3
4771,4
4772,3
4773,3
4774,2
4775,3
4776,2
4777,2
4778,3
4779,3
4780,3
4781,0
4782,4
4783,3
4784,3
4785,3
4786,2
4787,3
4788,0
4789,3
4790,2
4791,3
4792,4
4793,3
4794,3
4795,3
4796,4
4797,1
4798,0
4799,4
4800,0
4801,0
4802,0
4803,0
4804,0
4805,0
4806,0
4807,0
4808,0
4809,5
4810,0
4811,0
4812,0
4813,0
4814,0
4815,0
4816,0
4817,0
4818,4
4819,0
4820,0
4821,0
4822,0
4823,0
4824,0
4825,0
4826,0
4827,0
4828,0
4829,3
4830,0
4831,0
4832,0
4833,0
4834,0
4835,0
4836,0
4837,0
4838,0
4839,0
4840,0
4841,0
4842,0
4843,0
4844,0
4845,0
4846,0
4847,0
4848,0
4849,5
4850,0
4851,0
4852,0
4853,0
4854,3
4855,0
4856,0
4857,0
4858,0
4859,0
4860,0
4861,0
4862,4
4863,0
4864,0
4865,0
4866,0
4867,0
4868,0
4869,0
4870,0
4871,0
4872,0
4873,0
4874,0
4875,0
4876,0
4877,0
4878,6
4879,0
4880,0
4881,0
4882,0
4883,0
4884,0
4885,0
4886,0
4887,0
4888,0
4889,0
4890,0
4891,0
4892,0
4893,0
4894,0
4895,0
4896,0
4897,0
4898,0
4899,0
4900,6
4901,6
4902,6
4903,6
4904,6
4905,6
4906,6
4907,6
4908,6
4909,6
4910,6
4911,6
4912,6
4913,6
4914,6
4915,6
4916,6
4917,6
4918,6
4919,6
4920,6
4921,6
4922,6
4923,6
4924,6
4925,6
4926,6
4927,6
4928,6
4929,6
4930,6
4931,6
4932,6
4933,6
4934,6
4935,6
4936,6
4937,6
4938,6
4939,6
4940,6
4941,6
4942,6
4943,6
4944,6
4945,6
4946,6
4947,6
4948,6
4949,6
4950,6
4951,6
4952,6
4953,6
4954,6
4955,6
4956,6
4957,6
4958,6
4959,6
4960,6
4961,6
4962,6
4963,6
4964,6
4965,6
4966,6
4967,6
4968,6
4969,6
4970,6
4971,6
4972,6
4973,6
4974,6
4975,6
4976,6
4977,6
4978,6
4979,6
4980,6
4981,6
4982,6
4983,6
4984,6
4985,6
4986,6
4987,6
4988,6
4989,6
4990,6
4991,6
4992,6
4993,6
4994,6
4995,6
4996,6
4997,6
4998,6
4999,6
5000,4
5001,6
5002,0
5003,6
5004,2
5005,0
5006,6
5007,6
5008,6
5009,2
5010,2
5011,6
5012,0
5013,2
5014,2
5015,1
5016,2
5017,0
5018,2
5019,2
5020,0
5021,6
5022,4
5023,3
5024,2
5025,2
5026,6
5027,2
5028,2
5029,6
5030,6
5031,2
5032,2
5033,6
5034,0
5035,2
5036,2
5037,2
5038,2
5039,4
5040,0
5041,2
5042,2
5043,2
5044,4
5045,4
5046,4
5047,6
5048,6
5049,2
5050,6
5051,0
5052,6
5053,2
5054,6
5055,2
5056,6
5057,6
5058,6
5059,4
5060,2
5061,6
5062,1
5063,2
5064,6
5065,0
5066,1
5067,6
5068,2
5069,4
5070,6
5071,2
5072,2
5073,2
5074,6
5075,2
5076,2
5077,1
5078,6
5079,2
5080,2
5081,4
5082,2
5083,2
5084,0
5085,2
5086,2
5087,0
5088,2
5089,2
5090,0
5091,2
5092,4
5093,0
5094,2
5095,2
5096,2
5097,5
5098,6
5099,2
5100,6
5101,2
5102,3
5103,2
5104,2
5105,2
5106,2
5107,2
5108,2
5109,2
5110,3
5111,3
5112,2
5113,2
5114,0
5115,2
5116,2
5117,2
5118,2
5119,2
5120,2
5121,2
5122,2
5123,2
5124,2
5125,2
5126,2
5127,2
5128,2
5129,4
5130,2
5131,2
5132,5
5133,2
5134,2
5135,2
5136,2
5137,2
5138,2
5139,2
5140,2
5141,2
5142,2
5143,2
5144,2
5145,2
5146,2
5147,0
5148,2
5149,2
5150,2
5151,2
5152,2
5153,2
5154,2
5155,2
5156,2
5157,2
5158,2
5159,2
5160,2
5161,3
5162,2
5163,2
5164,5
5165,2
5166,2
5167,2
5168,2
5169,2
5170,2
5171,2
5172,2
5173,2
5174,1
5175,2
5176,0
5177,0
5178,2
5179,2
5180,2
5181,2
5182,2
5183,2
5184,2
5185,4
5186,2
5187,2
5188,2
5189,2
5190,2
5191,2
5192,0
5193,2
5194,2
5195,2
5196,2
5197,2
5198,2
5199,2
5200,5
5201,2
5202,5
5203,5
5204,5
5205,5
5206,5
5207,5
5208,2
5209,5
5210,5
5211,5
5212,2
5213,5
5214,5
5215,5
5216,2
5217,2
5218,2
5219,5
5220,5
5221,5
5222,5
5223,5
5224,5
5225,5
5226,5
5227,5
5228,5
5229,5
5230,4
5231,5
5232,5
5233,5
5234,5
5235,4
5236,2
5237,2
5238,5
5239,1
5240,5
5241,5
5242,5
5243,5
5244,5
5245,5
5246,5
5247,2
5248,5
5249,5
5250,5
5251,5
5252,2
5253,5
5254,5
5255,2
5256,4
5257,5
5258,2
5259,5
5260,5
5261,5
5262,1
5263,5
5264,4
5265,5
5266,2
5267,5
5268,5
5269,5
5270,5
5271,2
5272,5
5273,5
5274,5
5275,4
5276,5
5277,5
5278,2
5279,5
5280,5
5281,5
5282,4
5283,1
5284,5
5285,1
5286,5
5287,5
5288,2
5289,2
5290,5
5291,5
5292,2
5293,6
5294,5
5295,2
5296,5
5297,5
5298,5
5299,4
5300,2
5301,2
5302,5
5303,2
5304,4
5305,2
5306,2
5307,5
5308,2
5309,4
5310,5
5311,2
5312,2
5313,0
5314,6
5315,2
5316,2
5317,5
5318,2
5319,5
5320,5
5321,2
5322,2
5323,4
5324,2
5325,5
5326,2
5327,5
5328,2
5329,2
5330,2
5331,5
5332,4
5333,5
5334,2
5335,2
5336,2
5337,5
5338,2
5339,4
5340,2
5341,0
5342,2
5343,5
5344,2
5345,5
5346,6
5347,2
5348,2
5349,2
5350,2
5351,4
5352,2
5353,2
5354,6
5355,2
5356,2
5357,2
5358,2
5359,4
5360,2
5361,2
5362,5
5363,2
5364,2
5365,5
5366,5
5367,2
5368,5
5369,5
5370,2
5371,2
5372,5
5373,5
5374,2
5375,2
5376,6
5377,2
5378,5
5379,5
5380,5
5381,5
5382,5
5383,2
5384,2
5385,5
5386,5
5387,2
5388,2
5389,2
5390,2
5391,2
5392,2
5393,5
5394,5
5395,5
5396,4
5397,5
5398,2
5399,2
5400,1
5401,5
5402,5
5403,5
5404,5
5405,5
5406,5
5407,5
5408,4
5409,5
5410,5
5411,5
5412,5
5413,4
5414,5
5415,5
5416,5
5417,5
5418,5
5419,5
5420,5
5421,4
5422,5
5423,5
5424,5
5425,5
5426,5
5427,4
5428,5
5429,5
5430,4
5431,2
5432,4
5433,2
5434,4
5435,3
5436,5
5437,5
5438,5
5439,5
5440,5
5441,5
5442,5
5443,4
5444,5
5445,5
5446,5
5447,5
5448,5
5449,5
5450,5
5451,5
5452,2
5453,5
5454,5
5455,5
5456,4
5457,2
5458,5
5459,5
5460,5
5461,5
5462,5
5463,2
5464,3
5465,5
5466,5
5467,5
5468,5
5469,5
5470,5
5471,5
5472,5
5473,2
5474,5
5475,2
5476,5
5477,5
5478,5
5479,5
5480,2
5481,5
5482,5
5483,5
5484,5
5485,4
5486,2
5487,5
5488,5
5489,5
5490,4
5491,5
5492,5
5493,5
5494,5
5495,4
5496,5
5497,5
5498,5
5499,5
5500,5
5501,6
5502,6
5503,2
5504,2
5505,6
5506,6
5507,6
5508,1
5509,2
5510,6
5511,1
5512,1
5513,1
5514,6
5515,2
5516,2
5517,6
5518,6
5519,6
5520,1
5521,6
5522,1
5523,6
5524,1
5525,6
5526,1
5527,1
5528,6
5529,6
5530,6
5531,1
5532,6
5533,6
5534,6
5535,1
5536,6
5537,6
5538,1
5539,6
5540,6
5541,1
5542,1
5543,1
5544,6
5545,6
5546,6
5547,6
5548,1
5549,1
5550,1
5551,1
5552,6
5553,1
5554,6
5555,6
5556,6
5557,2
5558,6
5559,2
5560,6
5561,5
5562,6
5563,6
5564,6
5565,6
5566,1
5567,6
5568,6
5569,1
5570,1
5571,3
5572,6
5573,6
5574,6
5575,1
5576,6
5577,1
5578,6
5579,2
5580,6
5581,6
5582,1
5583,1
5584,1
5585,1
5586,2
5587,1
5588,1
5589,1
5590,6
5591,6
5592,6
5593,6
5594,6
5595,6
5596,1
5597,6
5598,1
5599,6
5600,5
5601,5
5602,3
5603,5
5604,1
5605,5
5606,5
5607,5
5608,5
5609,5
5610,5
5611,5
5612,5
5613,5
5614,5
5615,5
5616,5
5617,1
5618,5
5619,5
5620,5
5621,5
5622,5
5623,5
5624,5
5625,1
5626,5
5627,5
5628,5
5629,5
5630,3
5631,1
5632,5
5633,5
5634,5
5635,5
5636,5
5637,1
5638,5
5639,5
5640,5
5641,3
5642,5
5643,3
5644,5
5645,1
5646,1
5647,5
5648,5
5649,1
5650,5
5651,5
5652,5
5653,5
5654,1
5655,5
5656,0
5657,1
5658,5
5659,3
5660,5
5661,5
5662,5
5663,5
5664,5
5665,5
5666,5
5667,5
5668,5
5669,5
5670,0
5671,5
5672,5
5673,5
5674,5
5675,5
5676,5
5677,1
5678,5
5679,5
5680,3
5681,1
5682,1
5683,5
5684,5
5685,5
5686,5
5687,1
5688,5
5689,5
5690,5
5691,5
5692,5
5693,5
5694,5
5695,1
5696,5
5697,1
5698,5
5699,5
