threshold,accuracy,pct_large,compute_flops,compute_latency
0.02469,0.72632,1.00000,1.06487,1.06136
0.02905,0.72632,0.99474,1.06095,1.05755
0.03468,0.72632,0.98947,1.05755,1.05401
0.03764,0.72544,0.98421,1.05325,1.04949
0.04255,0.72544,0.97982,1.05009,1.04623
0.04946,0.72544,0.97456,1.04621,1.04199
0.05320,0.72544,0.96930,1.03927,1.03551
0.05649,0.72544,0.96491,1.03665,1.03257
0.05955,0.72544,0.95965,1.03290,1.02872
0.06513,0.72544,0.95439,1.02717,1.02338
0.06949,0.72544,0.95000,1.02420,1.02056
0.07535,0.72544,0.94474,1.02068,1.01676
0.08184,0.72544,0.93947,1.01503,1.01138
0.08606,0.72544,0.93421,1.01234,1.00850
0.09439,0.72544,0.92982,1.00949,1.00560
0.10424,0.72544,0.92456,1.00410,1.00053
0.11424,0.72544,0.91930,0.99902,0.99550
0.12424,0.72544,0.91491,0.99096,0.98800
0.13414,0.72456,0.90965,0.98737,0.98417
0.14352,0.72456,0.90439,0.98334,0.97989
0.15105,0.72456,0.90000,0.97711,0.97435
0.15978,0.72281,0.89474,0.97159,0.96889
0.16365,0.72193,0.88947,0.96813,0.96535
0.16763,0.72105,0.88509,0.96561,0.96245
0.17416,0.72018,0.87982,0.96150,0.95844
0.18029,0.72018,0.87456,0.95812,0.95476
0.18655,0.71930,0.86930,0.95170,0.94879
0.19599,0.71930,0.86491,0.94714,0.94427
0.20250,0.71754,0.85965,0.94209,0.93939
0.21274,0.71754,0.85439,0.93306,0.93096
0.21392,0.71754,0.85000,0.93038,0.92785
0.21805,0.71579,0.84474,0.92759,0.92476
0.22652,0.71491,0.83947,0.92381,0.91531
0.23584,0.71316,0.83509,0.92036,0.91169
0.24493,0.71140,0.82982,0.91678,0.90816
0.25008,0.71053,0.82456,0.91297,0.90439
0.25612,0.70965,0.81930,0.90982,0.90082
0.25980,0.71053,0.81491,0.90592,0.89687
0.26661,0.70877,0.80965,0.90106,0.89221
0.27380,0.70877,0.80439,0.89699,0.88802
0.27744,0.70877,0.80000,0.89266,0.88393
0.28309,0.70965,0.79474,0.88847,0.87968
0.29190,0.71140,0.78947,0.88493,0.87611
0.29711,0.71140,0.78509,0.88228,0.87318
0.30594,0.71140,0.77982,0.87815,0.86868
0.30990,0.70965,0.77456,0.86893,0.86026
0.31815,0.70965,0.77018,0.86585,0.85680
0.32500,0.70877,0.76491,0.86177,0.85241
0.32887,0.70877,0.75965,0.85649,0.84736
0.33200,0.70789,0.75439,0.84950,0.84056
0.33691,0.70789,0.75000,0.84640,0.83743
0.34321,0.70702,0.74474,0.84206,0.83323
0.34666,0.70702,0.73947,0.83835,0.82937
0.34956,0.70614,0.73509,0.83265,0.82359
0.35302,0.70351,0.72982,0.82442,0.81588
0.35481,0.70351,0.72456,0.81701,0.80865
0.36054,0.70263,0.72018,0.81073,0.80292
0.36263,0.70000,0.71491,0.80691,0.79911
0.36553,0.69825,0.70965,0.80240,0.79444
0.36858,0.69737,0.70439,0.79773,0.78968
0.37053,0.69737,0.70000,0.79390,0.78595
0.37621,0.69474,0.69474,0.79032,0.78215
0.37944,0.69561,0.68947,0.78491,0.77706
0.38226,0.69386,0.68509,0.78120,0.77327
0.38409,0.69298,0.67982,0.77470,0.76699
0.38544,0.69035,0.67456,0.76793,0.76017
0.38912,0.68947,0.67018,0.76487,0.75724
0.39053,0.68684,0.66491,0.76107,0.75353
0.39475,0.68596,0.65965,0.75104,0.74418
0.39737,0.68333,0.65526,0.74761,0.74050
0.40105,0.68421,0.65000,0.73845,0.73188
0.40349,0.68509,0.64474,0.73346,0.72699
0.40501,0.68333,0.63947,0.72720,0.72023
0.40733,0.68158,0.63509,0.72323,0.71624
0.40896,0.67632,0.62982,0.71670,0.71005
0.41076,0.67544,0.62456,0.71191,0.70513
0.41259,0.67193,0.62018,0.70630,0.70004
0.41620,0.67018,0.61491,0.70228,0.69621
0.41867,0.67105,0.60965,0.69810,0.69193
0.42035,0.66754,0.60526,0.69295,0.68710
0.42318,0.66579,0.60000,0.68623,0.68069
0.42455,0.66667,0.59474,0.67990,0.67467
0.42736,0.66754,0.59035,0.67406,0.66923
0.42878,0.66667,0.58509,0.66855,0.66361
0.43042,0.66316,0.57982,0.65979,0.65568
0.43156,0.65965,0.57456,0.64970,0.64622
0.43322,0.65965,0.57018,0.64423,0.64124
0.43459,0.65965,0.56491,0.63917,0.63603
0.43656,0.65702,0.55965,0.63343,0.63075
0.43812,0.65351,0.55526,0.62647,0.62433
0.43890,0.65351,0.55088,0.62118,0.61905
0.44073,0.65351,0.54474,0.61224,0.61071
0.44221,0.65000,0.54035,0.60898,0.60767
0.44406,0.65000,0.53509,0.60392,0.60277
0.44487,0.64825,0.52982,0.59959,0.59853
0.44764,0.64825,0.52456,0.59233,0.59147
0.44900,0.64737,0.52018,0.58867,0.58775
0.45016,0.64912,0.51491,0.58204,0.58151
0.45175,0.64912,0.50965,0.57539,0.57520
0.45348,0.64649,0.50526,0.57089,0.57089
0.45478,0.64912,0.50000,0.56360,0.56431
0.45665,0.64737,0.49474,0.55874,0.55955
0.45826,0.64737,0.49035,0.55326,0.55436
0.45951,0.64561,0.48509,0.54517,0.54666
0.46136,0.64561,0.47982,0.53883,0.54062
0.46271,0.64298,0.47544,0.53568,0.53698
0.46394,0.64123,0.47018,0.52934,0.53069
0.46555,0.63860,0.46491,0.52501,0.52638
0.46691,0.63596,0.45965,0.51939,0.52129
0.46806,0.63421,0.45526,0.51560,0.51742
0.47042,0.63333,0.45000,0.51013,0.51216
0.47257,0.63333,0.44474,0.50643,0.50853
0.47318,0.63333,0.44035,0.50110,0.50316
0.47348,0.63246,0.43509,0.49451,0.49700
0.47455,0.62982,0.42982,0.48968,0.49226
0.47638,0.62807,0.42544,0.48545,0.48816
0.47713,0.62719,0.42018,0.47821,0.48133
0.47902,0.62632,0.41491,0.47254,0.47587
0.48036,0.62456,0.40965,0.46805,0.47143
0.48172,0.62105,0.40526,0.46355,0.46691
0.48346,0.62018,0.40000,0.45807,0.46133
0.48420,0.61842,0.39474,0.45394,0.45730
0.48499,0.61754,0.39035,0.44887,0.45214
0.48624,0.61754,0.38509,0.44381,0.44172
0.48744,0.61404,0.37982,0.43899,0.43707
0.48850,0.61228,0.37544,0.43487,0.43296
0.49002,0.61140,0.37018,0.42923,0.42770
0.49112,0.60789,0.36491,0.42557,0.42391
0.49276,0.60702,0.36053,0.42042,0.41903
0.49400,0.60614,0.35526,0.41514,0.41391
0.49492,0.60614,0.35000,0.40875,0.40778
0.49648,0.60526,0.34474,0.40164,0.40055
0.49755,0.60351,0.34035,0.39740,0.39635
0.49872,0.60263,0.33509,0.39193,0.39119
0.49936,0.60175,0.32982,0.38672,0.38619
0.50049,0.60175,0.32544,0.38273,0.38227
0.50263,0.60000,0.32018,0.37872,0.37845
0.50327,0.59825,0.31491,0.37312,0.37286
0.50423,0.59561,0.31053,0.36924,0.36902
0.50544,0.59561,0.30526,0.36458,0.36456
0.50653,0.59386,0.30000,0.36041,0.36051
0.50692,0.59123,0.29561,0.35689,0.35675
0.50897,0.58772,0.29035,0.34935,0.34974
0.51184,0.58772,0.28509,0.34374,0.34415
0.51287,0.58596,0.27982,0.33829,0.33859
0.51504,0.58509,0.27544,0.33469,0.33497
0.51705,0.58158,0.27018,0.33136,0.33139
0.51757,0.57719,0.26491,0.32707,0.32712
0.51911,0.57632,0.26053,0.32281,0.32247
0.51990,0.57632,0.25614,0.31846,0.31825
0.52142,0.57544,0.25000,0.31210,0.31204
0.52215,0.57368,0.24561,0.30849,0.30842
0.52382,0.57018,0.24035,0.30127,0.30095
0.52535,0.56754,0.23509,0.29368,0.29388
0.52715,0.56579,0.22982,0.28912,0.28910
0.52857,0.56316,0.22544,0.28462,0.28469
0.52896,0.56053,0.22018,0.28037,0.28041
0.52981,0.55877,0.21491,0.27680,0.27674
0.53111,0.55702,0.21053,0.27355,0.27349
0.53175,0.55526,0.20526,0.26909,0.26883
0.53254,0.55263,0.20000,0.26374,0.26351
0.53396,0.55175,0.19561,0.25934,0.25912
0.53516,0.54912,0.19035,0.24965,0.25036
0.53597,0.54825,0.18509,0.24284,0.24402
0.53818,0.54561,0.18070,0.23962,0.24090
0.53901,0.54298,0.17544,0.23274,0.23430
0.53993,0.54386,0.17018,0.22801,0.22944
0.54083,0.54298,0.16491,0.22387,0.22522
0.54185,0.54035,0.16053,0.21738,0.21949
0.54349,0.53860,0.15526,0.21408,0.21562
0.54463,0.53772,0.15000,0.20966,0.21133
0.54640,0.53333,0.14561,0.20573,0.20727
0.54775,0.53333,0.14035,0.20043,0.20221
0.54869,0.52807,0.13509,0.19634,0.19831
0.55111,0.52719,0.13070,0.19058,0.19262
0.55232,0.52456,0.12544,0.18660,0.18863
0.55478,0.52105,0.12018,0.18159,0.18350
0.55630,0.51930,0.11491,0.17512,0.17735
0.55942,0.51842,0.11053,0.17150,0.17353
0.56322,0.51579,0.10526,0.16740,0.16946
0.56595,0.51316,0.10000,0.16311,0.16516
0.56820,0.51053,0.09561,0.15966,0.16189
0.57011,0.50789,0.09035,0.15508,0.15674
0.57212,0.50702,0.08509,0.14967,0.15170
0.57486,0.50439,0.08070,0.14628,0.14804
0.57688,0.50088,0.07544,0.14222,0.14387
0.57957,0.49825,0.07018,0.13726,0.13883
0.58091,0.49825,0.06579,0.13285,0.13466
0.58490,0.49825,0.06053,0.12836,0.13026
0.58881,0.49649,0.05526,0.12175,0.12431
0.59143,0.49474,0.05000,0.11682,0.11963
0.59409,0.49474,0.04561,0.11402,0.11678
0.59699,0.49123,0.04035,0.11067,0.11083
0.60195,0.49035,0.03509,0.10559,0.10595
0.60458,0.48772,0.03070,0.10292,0.10313
0.60934,0.48947,0.02544,0.09682,0.09735
0.61901,0.48772,0.02018,0.09148,0.09209
0.63233,0.48596,0.01579,0.08736,0.08801
0.64574,0.48421,0.01053,0.08303,0.07793
0.67197,0.47982,0.00526,0.07854,0.07332
0.69796,0.47895,0.00088,0.06584,0.06227
inf,0.47895,0.00000,0.06487,0.06136
