feature_set,model,cv_roc_auc,cv_roc_auc_std,threshold,best_params,accuracy,f1,roc_auc,pct_pred_large,routing_threshold,selected
-,Majority class (always SMALL),0.5000,0.0000,,,0.6763,0.0000,0.5000,0.0000,,False
conf only,Small-model confidence threshold,0.6333,0.0000,0.0688,,0.4982,0.5460,0.6126,0.7816,0.4725,False
prompt,Logistic Regression,0.5488,0.0123,0.3180,"{""C"": 0.03}",0.3281,0.4900,0.5390,0.9939,0.5356,False
prompt,Random Forest,0.5576,0.0067,0.3668,"{""max_depth"": 6, ""min_samples_leaf"": 5}",0.3272,0.4856,0.5651,0.9842,0.5059,True
prompt,Gradient Boosting,0.5411,0.0153,0.3442,"{""l2_regularization"": 1.0, ""learning_rate"": 0.03, ""max_leaf_nodes"": 15}",0.3237,0.4863,0.5684,0.9930,0.5181,False
prompt,MLP,0.5491,0.0117,0.1510,"{""alpha"": 1.0, ""hidden_layer_sizes"": [64, 32]}",0.3272,0.4883,0.5418,0.9912,0.3721,False
prompt+conf,Logistic Regression,0.6361,0.0212,0.3655,"{""C"": 0.1}",0.5035,0.5421,0.6445,0.7605,0.5765,False
prompt+conf,Random Forest,0.6414,0.0194,0.3299,"{""max_depth"": 12, ""min_samples_leaf"": 1}",0.5175,0.5536,0.6783,0.7570,0.4983,True
prompt+conf,Gradient Boosting,0.6380,0.0223,0.4425,"{""l2_regularization"": 0.0, ""learning_rate"": 0.03, ""max_leaf_nodes"": 7}",0.5193,0.5501,0.6607,0.7447,0.5656,False
prompt+conf,MLP,0.6413,0.0257,0.2481,"{""alpha"": 0.1, ""hidden_layer_sizes"": [32]}",0.5404,0.5338,0.6567,0.6623,0.3919,False
